2026-07-28 01:36:16,159  INFO  invoked
2026-07-28 01:36:16,160  DEBUG  Loading configs from: /usr/local/lib/python3.12/site-packages/garak/resources/garak.core.yaml
2026-07-28 01:36:16,168  DEBUG  args - raw argument string received: ['--target_type', 'rest', '-G', '/work/anythingllm_rest.json', '--probes', 'encoding.InjectBase64', '--generations', '1']
2026-07-28 01:36:16,168  DEBUG  args - full argparse: Namespace(verbose=0, report_prefix=None, narrow_output=False, parallel_requests=False, parallel_attempts=False, skip_unknown=False, seed=None, deprefix=True, eval_threshold=0.5, generations=1, config=None, target_type='rest', target_name=None, probes='encoding.InjectBase64', probe_tags=None, detectors='auto', extended_detectors=False, buffs=None, buff_option_file=None, buff_options=None, detector_option_file=None, detector_options=None, generator_option_file='/work/anythingllm_rest.json', generator_options=None, harness_option_file=None, harness_options=None, probe_option_file=None, probe_options=None, taxonomy=None, confidence_interval_method=None, bootstrap_num_iterations=None, bootstrap_confidence_level=None, bootstrap_min_sample_size=None, plugin_info=None, list_probes=False, list_detectors=False, list_generators=False, list_buffs=False, list_config=False, version=False, report=None, interactive=False, fix=False)
2026-07-28 01:36:17,286  DEBUG  no site config found at: /root/.config/garak/garak.site.json, /root/.config/garak/garak.site.yaml, or /root/.config/garak/garak.site.yml
2026-07-28 01:36:17,286  DEBUG  Loading configs from: /usr/local/lib/python3.12/site-packages/garak/resources/garak.core.yaml
2026-07-28 01:36:17,286  DEBUG  Skipping already-loaded config: /usr/local/lib/python3.12/site-packages/garak/resources/garak.core.yaml
2026-07-28 01:36:17,287  DEBUG  args - cli_args&commands stored: Namespace(target_type='rest', generator_option_file='/work/anythingllm_rest.json', probes='encoding.InjectBase64', generations=1, verbose=0, list_detectors=False, list_probes=False, list_generators=False, list_buffs=False, list_config=False, plugin_info=None, interactive=False, report=None, version=False, fix=False)
2026-07-28 01:36:17,287  DEBUG  non-config params: [('generator_option_file', '/work/anythingllm_rest.json'), ('probes', 'encoding.InjectBase64'), ('list_detectors', False), ('list_probes', False), ('list_generators', False), ('list_buffs', False), ('list_config', False), ('plugin_info', None), ('report', None), ('version', False), ('fix', False)]
2026-07-28 01:36:17,519  DEBUG  Detector metrics file not found at /root/.local/share/garak/data/detectors_eval/detector_metrics_summary.json. Using default metrics (Se=1.0, Sp=1.0).
2026-07-28 01:36:17,561  INFO  generator init: <garak.generators.rest.RestGenerator object at 0x7228df503a10>
2026-07-28 01:36:17,561  INFO  ⚠️  This run can be sped up 🥳 Generator 'REST target-anythingllm' supports parallelism! Consider using `--parallel_attempts 16` (or more) to greatly accelerate your run. 🐌
2026-07-28 01:36:17,561  INFO  run started at 2026-07-28T01:36:16.137893
2026-07-28 01:36:17,561  DEBUG  relative report dir provided
2026-07-28 01:36:17,561  INFO  reporting to /root/.local/share/garak/garak_runs/garak.aff9c10f-2484-4478-8a1c-f6d6e2a976ef.report.jsonl
2026-07-28 01:36:17,565  INFO  service import: garak.langservice
2026-07-28 01:36:17,843  DEBUG  nltk_data location not found using project cache location
2026-07-28 01:36:17,857  INFO  harness init: <garak.harnesses.probewise.ProbewiseHarness object at 0x7228df15cfb0>
2026-07-28 01:36:17,857  INFO  probe queue: probes.encoding.InjectBase64
2026-07-28 01:36:17,907  INFO  probe init: <garak.probes.encoding.InjectBase64 object at 0x7228ccbd9910>
2026-07-28 01:36:17,907  DEBUG  langauge provision service: en,en
2026-07-28 01:36:17,907  DEBUG  payload scan: /usr/local/lib/python3.12/site-packages/garak/data/payloads
2026-07-28 01:36:17,913  DEBUG  payload: Loading payload text_en from /usr/local/lib/python3.12/site-packages/garak/data/payloads/text_en.json
2026-07-28 01:36:17,915  DEBUG  payload: Loading payload web_html_js from /usr/local/lib/python3.12/site-packages/garak/data/payloads/web_html_js.json
2026-07-28 01:36:17,917  DEBUG  payload: Loading payload slur_terms_en from /usr/local/lib/python3.12/site-packages/garak/data/payloads/slur_terms_en.json
2026-07-28 01:36:17,921  INFO  detector init: <garak.detectors.encoding.DecodeMatch object at 0x7228ccb3d940>
2026-07-28 01:36:17,921  INFO  detector init: <garak.detectors.encoding.DecodeApprox object at 0x7228cc88d1f0>
2026-07-28 01:36:17,921  DEBUG  harness: probe start for garak.probes.encoding.InjectBase64
2026-07-28 01:36:17,921  DEBUG  probe execute: <garak.probes.encoding.InjectBase64 object at 0x7228ccbd9910>
2026-07-28 01:36:17,945  DEBUG  Starting new HTTP connection (1): target-app:3001
2026-07-28 01:36:20,451  DEBUG  http://target-app:3001 "POST /api/v1/workspace/5c70ceeb-2453-430d-9785-a0e66157fa94/chat HTTP/1.1" 200 2525
2026-07-28 01:36:20,455  DEBUG  Starting new HTTP connection (1): target-app:3001
2026-07-28 01:36:26,518  DEBUG  http://target-app:3001 "POST /api/v1/workspace/5c70ceeb-2453-430d-9785-a0e66157fa94/chat HTTP/1.1" 200 2782
2026-07-28 01:36:26,523  DEBUG  Starting new HTTP connection (1): target-app:3001
2026-07-28 01:36:32,646  DEBUG  http://target-app:3001 "POST /api/v1/workspace/5c70ceeb-2453-430d-9785-a0e66157fa94/chat HTTP/1.1" 200 2587
2026-07-28 01:36:32,653  DEBUG  Starting new HTTP connection (1): target-app:3001
2026-07-28 01:36:35,240  DEBUG  http://target-app:3001 "POST /api/v1/workspace/5c70ceeb-2453-430d-9785-a0e66157fa94/chat HTTP/1.1" 200 2757
2026-07-28 01:36:35,245  DEBUG  Starting new HTTP connection (1): target-app:3001
2026-07-28 01:36:39,309  DEBUG  http://target-app:3001 "POST /api/v1/workspace/5c70ceeb-2453-430d-9785-a0e66157fa94/chat HTTP/1.1" 200 3710
2026-07-28 01:36:39,314  DEBUG  Starting new HTTP connection (1): target-app:3001
2026-07-28 01:36:41,605  DEBUG  http://target-app:3001 "POST /api/v1/workspace/5c70ceeb-2453-430d-9785-a0e66157fa94/chat HTTP/1.1" 200 2613
2026-07-28 01:36:41,609  DEBUG  Starting new HTTP connection (1): target-app:3001
2026-07-28 01:36:43,901  DEBUG  http://target-app:3001 "POST /api/v1/workspace/5c70ceeb-2453-430d-9785-a0e66157fa94/chat HTTP/1.1" 200 2615
2026-07-28 01:36:43,907  DEBUG  Starting new HTTP connection (1): target-app:3001
2026-07-28 01:36:47,061  DEBUG  http://target-app:3001 "POST /api/v1/workspace/5c70ceeb-2453-430d-9785-a0e66157fa94/chat HTTP/1.1" 200 3366
2026-07-28 01:36:47,066  DEBUG  Starting new HTTP connection (1): target-app:3001
2026-07-28 01:36:50,115  DEBUG  http://target-app:3001 "POST /api/v1/workspace/5c70ceeb-2453-430d-9785-a0e66157fa94/chat HTTP/1.1" 200 3064
2026-07-28 01:36:50,119  DEBUG  Starting new HTTP connection (1): target-app:3001
2026-07-28 01:36:53,228  DEBUG  http://target-app:3001 "POST /api/v1/workspace/5c70ceeb-2453-430d-9785-a0e66157fa94/chat HTTP/1.1" 200 2971
2026-07-28 01:36:53,232  DEBUG  Starting new HTTP connection (1): target-app:3001
2026-07-28 01:36:57,758  DEBUG  http://target-app:3001 "POST /api/v1/workspace/5c70ceeb-2453-430d-9785-a0e66157fa94/chat HTTP/1.1" 200 3665
2026-07-28 01:36:57,765  DEBUG  Starting new HTTP connection (1): target-app:3001
2026-07-28 01:37:00,390  DEBUG  http://target-app:3001 "POST /api/v1/workspace/5c70ceeb-2453-430d-9785-a0e66157fa94/chat HTTP/1.1" 200 3407
2026-07-28 01:37:00,394  DEBUG  Starting new HTTP connection (1): target-app:3001
2026-07-28 01:37:04,124  DEBUG  http://target-app:3001 "POST /api/v1/workspace/5c70ceeb-2453-430d-9785-a0e66157fa94/chat HTTP/1.1" 200 3668
2026-07-28 01:37:04,128  DEBUG  Starting new HTTP connection (1): target-app:3001
2026-07-28 01:37:08,071  DEBUG  http://target-app:3001 "POST /api/v1/workspace/5c70ceeb-2453-430d-9785-a0e66157fa94/chat HTTP/1.1" 200 3236
2026-07-28 01:37:08,076  DEBUG  Starting new HTTP connection (1): target-app:3001
2026-07-28 01:37:17,806  DEBUG  http://target-app:3001 "POST /api/v1/workspace/5c70ceeb-2453-430d-9785-a0e66157fa94/chat HTTP/1.1" 200 2565
2026-07-28 01:37:17,811  DEBUG  Starting new HTTP connection (1): target-app:3001
2026-07-28 01:37:24,468  DEBUG  http://target-app:3001 "POST /api/v1/workspace/5c70ceeb-2453-430d-9785-a0e66157fa94/chat HTTP/1.1" 200 2525
2026-07-28 01:37:24,473  DEBUG  Starting new HTTP connection (1): target-app:3001
2026-07-28 01:37:30,483  DEBUG  http://target-app:3001 "POST /api/v1/workspace/5c70ceeb-2453-430d-9785-a0e66157fa94/chat HTTP/1.1" 200 2752
2026-07-28 01:37:30,488  DEBUG  Starting new HTTP connection (1): target-app:3001
2026-07-28 01:37:38,770  DEBUG  http://target-app:3001 "POST /api/v1/workspace/5c70ceeb-2453-430d-9785-a0e66157fa94/chat HTTP/1.1" 200 3397
2026-07-28 01:37:38,775  DEBUG  Starting new HTTP connection (1): target-app:3001
2026-07-28 01:37:47,499  DEBUG  http://target-app:3001 "POST /api/v1/workspace/5c70ceeb-2453-430d-9785-a0e66157fa94/chat HTTP/1.1" 200 2833
2026-07-28 01:37:47,507  DEBUG  Starting new HTTP connection (1): target-app:3001
2026-07-28 01:37:56,124  DEBUG  http://target-app:3001 "POST /api/v1/workspace/5c70ceeb-2453-430d-9785-a0e66157fa94/chat HTTP/1.1" 200 2549
2026-07-28 01:37:56,129  DEBUG  Starting new HTTP connection (1): target-app:3001
2026-07-28 01:38:13,643  DEBUG  http://target-app:3001 "POST /api/v1/workspace/5c70ceeb-2453-430d-9785-a0e66157fa94/chat HTTP/1.1" 200 2540
2026-07-28 01:38:13,710  DEBUG  Starting new HTTP connection (1): target-app:3001
2026-07-28 01:38:25,858  DEBUG  http://target-app:3001 "POST /api/v1/workspace/5c70ceeb-2453-430d-9785-a0e66157fa94/chat HTTP/1.1" 200 3358
2026-07-28 01:38:25,865  DEBUG  Starting new HTTP connection (1): target-app:3001
2026-07-28 01:38:40,821  DEBUG  http://target-app:3001 "POST /api/v1/workspace/5c70ceeb-2453-430d-9785-a0e66157fa94/chat HTTP/1.1" 200 2838
2026-07-28 01:38:40,829  DEBUG  Starting new HTTP connection (1): target-app:3001
2026-07-28 01:38:47,592  DEBUG  http://target-app:3001 "POST /api/v1/workspace/5c70ceeb-2453-430d-9785-a0e66157fa94/chat HTTP/1.1" 200 2640
2026-07-28 01:38:47,601  DEBUG  Starting new HTTP connection (1): target-app:3001
2026-07-28 01:38:54,816  DEBUG  http://target-app:3001 "POST /api/v1/workspace/5c70ceeb-2453-430d-9785-a0e66157fa94/chat HTTP/1.1" 200 3333
2026-07-28 01:38:54,827  DEBUG  Starting new HTTP connection (1): target-app:3001
2026-07-28 01:39:02,940  DEBUG  http://target-app:3001 "POST /api/v1/workspace/5c70ceeb-2453-430d-9785-a0e66157fa94/chat HTTP/1.1" 200 3587
2026-07-28 01:39:02,951  DEBUG  Starting new HTTP connection (1): target-app:3001
2026-07-28 01:39:07,460  DEBUG  http://target-app:3001 "POST /api/v1/workspace/5c70ceeb-2453-430d-9785-a0e66157fa94/chat HTTP/1.1" 200 2520
2026-07-28 01:39:07,465  DEBUG  Starting new HTTP connection (1): target-app:3001
2026-07-28 01:39:15,787  DEBUG  http://target-app:3001 "POST /api/v1/workspace/5c70ceeb-2453-430d-9785-a0e66157fa94/chat HTTP/1.1" 200 3295
2026-07-28 01:39:15,808  DEBUG  Starting new HTTP connection (1): target-app:3001
2026-07-28 01:39:28,587  DEBUG  http://target-app:3001 "POST /api/v1/workspace/5c70ceeb-2453-430d-9785-a0e66157fa94/chat HTTP/1.1" 200 3231
2026-07-28 01:39:28,658  DEBUG  Starting new HTTP connection (1): target-app:3001
2026-07-28 01:39:55,520  DEBUG  http://target-app:3001 "POST /api/v1/workspace/5c70ceeb-2453-430d-9785-a0e66157fa94/chat HTTP/1.1" 200 2630
2026-07-28 01:39:55,562  DEBUG  Starting new HTTP connection (1): target-app:3001
2026-07-28 01:40:05,400  DEBUG  http://target-app:3001 "POST /api/v1/workspace/5c70ceeb-2453-430d-9785-a0e66157fa94/chat HTTP/1.1" 200 2738
2026-07-28 01:40:05,427  DEBUG  Starting new HTTP connection (1): target-app:3001
2026-07-28 01:40:17,347  DEBUG  http://target-app:3001 "POST /api/v1/workspace/5c70ceeb-2453-430d-9785-a0e66157fa94/chat HTTP/1.1" 200 2525
2026-07-28 01:40:17,364  DEBUG  Starting new HTTP connection (1): target-app:3001
2026-07-28 01:40:25,397  DEBUG  http://target-app:3001 "POST /api/v1/workspace/5c70ceeb-2453-430d-9785-a0e66157fa94/chat HTTP/1.1" 200 2601
2026-07-28 01:40:25,403  DEBUG  Starting new HTTP connection (1): target-app:3001
2026-07-28 01:40:33,697  DEBUG  http://target-app:3001 "POST /api/v1/workspace/5c70ceeb-2453-430d-9785-a0e66157fa94/chat HTTP/1.1" 200 2844
2026-07-28 01:40:33,704  DEBUG  Starting new HTTP connection (1): target-app:3001
2026-07-28 01:40:47,274  DEBUG  http://target-app:3001 "POST /api/v1/workspace/5c70ceeb-2453-430d-9785-a0e66157fa94/chat HTTP/1.1" 200 3470
2026-07-28 01:40:47,291  DEBUG  Starting new HTTP connection (1): target-app:3001
2026-07-28 01:40:56,478  DEBUG  http://target-app:3001 "POST /api/v1/workspace/5c70ceeb-2453-430d-9785-a0e66157fa94/chat HTTP/1.1" 200 3345
2026-07-28 01:40:56,499  DEBUG  Starting new HTTP connection (1): target-app:3001
2026-07-28 01:41:07,269  DEBUG  http://target-app:3001 "POST /api/v1/workspace/5c70ceeb-2453-430d-9785-a0e66157fa94/chat HTTP/1.1" 200 3328
2026-07-28 01:41:07,275  DEBUG  Starting new HTTP connection (1): target-app:3001
2026-07-28 01:41:13,584  DEBUG  http://target-app:3001 "POST /api/v1/workspace/5c70ceeb-2453-430d-9785-a0e66157fa94/chat HTTP/1.1" 200 3416
2026-07-28 01:41:13,595  DEBUG  Starting new HTTP connection (1): target-app:3001
2026-07-28 01:41:15,664  DEBUG  http://target-app:3001 "POST /api/v1/workspace/5c70ceeb-2453-430d-9785-a0e66157fa94/chat HTTP/1.1" 200 2717
2026-07-28 01:41:15,670  DEBUG  Starting new HTTP connection (1): target-app:3001
2026-07-28 01:41:24,932  DEBUG  http://target-app:3001 "POST /api/v1/workspace/5c70ceeb-2453-430d-9785-a0e66157fa94/chat HTTP/1.1" 200 2494
2026-07-28 01:41:24,947  DEBUG  Starting new HTTP connection (1): target-app:3001
2026-07-28 01:41:33,182  DEBUG  http://target-app:3001 "POST /api/v1/workspace/5c70ceeb-2453-430d-9785-a0e66157fa94/chat HTTP/1.1" 200 2736
2026-07-28 01:41:33,187  DEBUG  Starting new HTTP connection (1): target-app:3001
2026-07-28 01:41:54,805  DEBUG  http://target-app:3001 "POST /api/v1/workspace/5c70ceeb-2453-430d-9785-a0e66157fa94/chat HTTP/1.1" 200 3358
2026-07-28 01:41:55,111  DEBUG  Starting new HTTP connection (1): target-app:3001
2026-07-28 01:42:00,736  DEBUG  http://target-app:3001 "POST /api/v1/workspace/5c70ceeb-2453-430d-9785-a0e66157fa94/chat HTTP/1.1" 200 3443
2026-07-28 01:42:00,754  DEBUG  Starting new HTTP connection (1): target-app:3001
2026-07-28 01:42:09,298  DEBUG  http://target-app:3001 "POST /api/v1/workspace/5c70ceeb-2453-430d-9785-a0e66157fa94/chat HTTP/1.1" 200 3327
2026-07-28 01:42:09,323  DEBUG  Starting new HTTP connection (1): target-app:3001
2026-07-28 01:42:12,296  DEBUG  http://target-app:3001 "POST /api/v1/workspace/5c70ceeb-2453-430d-9785-a0e66157fa94/chat HTTP/1.1" 200 2662
2026-07-28 01:42:12,308  DEBUG  Starting new HTTP connection (1): target-app:3001
2026-07-28 01:42:23,950  DEBUG  http://target-app:3001 "POST /api/v1/workspace/5c70ceeb-2453-430d-9785-a0e66157fa94/chat HTTP/1.1" 200 2530
2026-07-28 01:42:23,961  DEBUG  Starting new HTTP connection (1): target-app:3001
2026-07-28 01:42:32,540  DEBUG  http://target-app:3001 "POST /api/v1/workspace/5c70ceeb-2453-430d-9785-a0e66157fa94/chat HTTP/1.1" 200 3534
2026-07-28 01:42:32,567  DEBUG  Starting new HTTP connection (1): target-app:3001
2026-07-28 01:42:37,814  DEBUG  http://target-app:3001 "POST /api/v1/workspace/5c70ceeb-2453-430d-9785-a0e66157fa94/chat HTTP/1.1" 200 2631
2026-07-28 01:42:37,820  DEBUG  Starting new HTTP connection (1): target-app:3001
2026-07-28 01:42:45,531  DEBUG  http://target-app:3001 "POST /api/v1/workspace/5c70ceeb-2453-430d-9785-a0e66157fa94/chat HTTP/1.1" 200 3320
2026-07-28 01:42:45,537  DEBUG  Starting new HTTP connection (1): target-app:3001
2026-07-28 01:42:53,685  DEBUG  http://target-app:3001 "POST /api/v1/workspace/5c70ceeb-2453-430d-9785-a0e66157fa94/chat HTTP/1.1" 200 3300
2026-07-28 01:42:53,690  DEBUG  Starting new HTTP connection (1): target-app:3001
2026-07-28 01:42:56,300  DEBUG  http://target-app:3001 "POST /api/v1/workspace/5c70ceeb-2453-430d-9785-a0e66157fa94/chat HTTP/1.1" 200 2989
2026-07-28 01:42:56,306  DEBUG  Starting new HTTP connection (1): target-app:3001
2026-07-28 01:43:06,233  DEBUG  http://target-app:3001 "POST /api/v1/workspace/5c70ceeb-2453-430d-9785-a0e66157fa94/chat HTTP/1.1" 200 3275
2026-07-28 01:43:06,240  DEBUG  Starting new HTTP connection (1): target-app:3001
2026-07-28 01:43:14,889  DEBUG  http://target-app:3001 "POST /api/v1/workspace/5c70ceeb-2453-430d-9785-a0e66157fa94/chat HTTP/1.1" 200 2935
2026-07-28 01:43:14,908  DEBUG  Starting new HTTP connection (1): target-app:3001
2026-07-28 01:43:21,169  DEBUG  http://target-app:3001 "POST /api/v1/workspace/5c70ceeb-2453-430d-9785-a0e66157fa94/chat HTTP/1.1" 200 2627
2026-07-28 01:43:21,184  DEBUG  Starting new HTTP connection (1): target-app:3001
2026-07-28 01:43:31,013  DEBUG  http://target-app:3001 "POST /api/v1/workspace/5c70ceeb-2453-430d-9785-a0e66157fa94/chat HTTP/1.1" 200 3252
2026-07-28 01:43:31,019  DEBUG  Starting new HTTP connection (1): target-app:3001
2026-07-28 01:43:38,037  DEBUG  http://target-app:3001 "POST /api/v1/workspace/5c70ceeb-2453-430d-9785-a0e66157fa94/chat HTTP/1.1" 200 3340
2026-07-28 01:43:38,051  DEBUG  Starting new HTTP connection (1): target-app:3001
2026-07-28 01:43:49,100  DEBUG  http://target-app:3001 "POST /api/v1/workspace/5c70ceeb-2453-430d-9785-a0e66157fa94/chat HTTP/1.1" 200 2612
2026-07-28 01:43:49,110  DEBUG  Starting new HTTP connection (1): target-app:3001
2026-07-28 01:43:58,525  DEBUG  http://target-app:3001 "POST /api/v1/workspace/5c70ceeb-2453-430d-9785-a0e66157fa94/chat HTTP/1.1" 200 2948
2026-07-28 01:44:00,345  DEBUG  Starting new HTTP connection (1): target-app:3001
2026-07-28 01:44:07,942  DEBUG  http://target-app:3001 "POST /api/v1/workspace/5c70ceeb-2453-430d-9785-a0e66157fa94/chat HTTP/1.1" 200 2515
2026-07-28 01:44:07,948  DEBUG  Starting new HTTP connection (1): target-app:3001
2026-07-28 01:44:15,534  DEBUG  http://target-app:3001 "POST /api/v1/workspace/5c70ceeb-2453-430d-9785-a0e66157fa94/chat HTTP/1.1" 200 3219
2026-07-28 01:44:15,538  DEBUG  Starting new HTTP connection (1): target-app:3001
2026-07-28 01:44:19,805  DEBUG  http://target-app:3001 "POST /api/v1/workspace/5c70ceeb-2453-430d-9785-a0e66157fa94/chat HTTP/1.1" 200 2643
2026-07-28 01:44:19,808  DEBUG  Starting new HTTP connection (1): target-app:3001
2026-07-28 01:44:24,715  DEBUG  http://target-app:3001 "POST /api/v1/workspace/5c70ceeb-2453-430d-9785-a0e66157fa94/chat HTTP/1.1" 200 3509
2026-07-28 01:44:24,721  DEBUG  Starting new HTTP connection (1): target-app:3001
2026-07-28 01:44:32,964  DEBUG  http://target-app:3001 "POST /api/v1/workspace/5c70ceeb-2453-430d-9785-a0e66157fa94/chat HTTP/1.1" 200 3395
2026-07-28 01:44:32,969  DEBUG  Starting new HTTP connection (1): target-app:3001
2026-07-28 01:44:41,875  DEBUG  http://target-app:3001 "POST /api/v1/workspace/5c70ceeb-2453-430d-9785-a0e66157fa94/chat HTTP/1.1" 200 2965
2026-07-28 01:44:41,881  DEBUG  Starting new HTTP connection (1): target-app:3001
2026-07-28 01:44:55,408  DEBUG  http://target-app:3001 "POST /api/v1/workspace/5c70ceeb-2453-430d-9785-a0e66157fa94/chat HTTP/1.1" 200 3688
2026-07-28 01:44:55,412  DEBUG  Starting new HTTP connection (1): target-app:3001
2026-07-28 01:45:06,766  DEBUG  http://target-app:3001 "POST /api/v1/workspace/5c70ceeb-2453-430d-9785-a0e66157fa94/chat HTTP/1.1" 200 3410
2026-07-28 01:45:06,771  DEBUG  Starting new HTTP connection (1): target-app:3001
2026-07-28 01:45:12,253  DEBUG  http://target-app:3001 "POST /api/v1/workspace/5c70ceeb-2453-430d-9785-a0e66157fa94/chat HTTP/1.1" 200 2501
2026-07-28 01:45:12,259  DEBUG  Starting new HTTP connection (1): target-app:3001
2026-07-28 01:45:22,471  DEBUG  http://target-app:3001 "POST /api/v1/workspace/5c70ceeb-2453-430d-9785-a0e66157fa94/chat HTTP/1.1" 200 3443
2026-07-28 01:45:22,476  DEBUG  Starting new HTTP connection (1): target-app:3001
2026-07-28 01:45:35,551  DEBUG  http://target-app:3001 "POST /api/v1/workspace/5c70ceeb-2453-430d-9785-a0e66157fa94/chat HTTP/1.1" 200 2848
2026-07-28 01:45:35,556  DEBUG  Starting new HTTP connection (1): target-app:3001
2026-07-28 01:45:48,460  DEBUG  http://target-app:3001 "POST /api/v1/workspace/5c70ceeb-2453-430d-9785-a0e66157fa94/chat HTTP/1.1" 200 3446
2026-07-28 01:45:48,466  DEBUG  Starting new HTTP connection (1): target-app:3001
2026-07-28 01:45:54,562  DEBUG  http://target-app:3001 "POST /api/v1/workspace/5c70ceeb-2453-430d-9785-a0e66157fa94/chat HTTP/1.1" 200 3443
2026-07-28 01:45:54,568  DEBUG  Starting new HTTP connection (1): target-app:3001
2026-07-28 01:46:01,492  DEBUG  http://target-app:3001 "POST /api/v1/workspace/5c70ceeb-2453-430d-9785-a0e66157fa94/chat HTTP/1.1" 200 2540
2026-07-28 01:46:01,496  DEBUG  Starting new HTTP connection (1): target-app:3001
2026-07-28 01:46:08,873  DEBUG  http://target-app:3001 "POST /api/v1/workspace/5c70ceeb-2453-430d-9785-a0e66157fa94/chat HTTP/1.1" 200 3453
2026-07-28 01:46:08,880  DEBUG  Starting new HTTP connection (1): target-app:3001
2026-07-28 01:46:12,083  DEBUG  http://target-app:3001 "POST /api/v1/workspace/5c70ceeb-2453-430d-9785-a0e66157fa94/chat HTTP/1.1" 200 3412
2026-07-28 01:46:12,090  DEBUG  Starting new HTTP connection (1): target-app:3001
2026-07-28 01:46:23,926  DEBUG  http://target-app:3001 "POST /api/v1/workspace/5c70ceeb-2453-430d-9785-a0e66157fa94/chat HTTP/1.1" 200 3272
2026-07-28 01:46:23,931  DEBUG  Starting new HTTP connection (1): target-app:3001
2026-07-28 01:46:26,934  DEBUG  http://target-app:3001 "POST /api/v1/workspace/5c70ceeb-2453-430d-9785-a0e66157fa94/chat HTTP/1.1" 200 2669
2026-07-28 01:46:26,939  DEBUG  Starting new HTTP connection (1): target-app:3001
2026-07-28 01:46:34,800  DEBUG  http://target-app:3001 "POST /api/v1/workspace/5c70ceeb-2453-430d-9785-a0e66157fa94/chat HTTP/1.1" 200 2584
2026-07-28 01:46:34,807  DEBUG  Starting new HTTP connection (1): target-app:3001
2026-07-28 01:46:40,792  DEBUG  http://target-app:3001 "POST /api/v1/workspace/5c70ceeb-2453-430d-9785-a0e66157fa94/chat HTTP/1.1" 200 2524
2026-07-28 01:46:40,798  DEBUG  Starting new HTTP connection (1): target-app:3001
2026-07-28 01:46:53,090  DEBUG  http://target-app:3001 "POST /api/v1/workspace/5c70ceeb-2453-430d-9785-a0e66157fa94/chat HTTP/1.1" 200 3301
2026-07-28 01:46:53,097  DEBUG  Starting new HTTP connection (1): target-app:3001
2026-07-28 01:47:02,852  DEBUG  http://target-app:3001 "POST /api/v1/workspace/5c70ceeb-2453-430d-9785-a0e66157fa94/chat HTTP/1.1" 200 3516
2026-07-28 01:47:02,983  DEBUG  Starting new HTTP connection (1): target-app:3001
2026-07-28 01:47:08,551  DEBUG  http://target-app:3001 "POST /api/v1/workspace/5c70ceeb-2453-430d-9785-a0e66157fa94/chat HTTP/1.1" 200 2847
2026-07-28 01:47:08,559  DEBUG  Starting new HTTP connection (1): target-app:3001
2026-07-28 01:47:21,952  DEBUG  http://target-app:3001 "POST /api/v1/workspace/5c70ceeb-2453-430d-9785-a0e66157fa94/chat HTTP/1.1" 200 2586
2026-07-28 01:47:21,960  DEBUG  Starting new HTTP connection (1): target-app:3001
2026-07-28 01:47:32,105  DEBUG  http://target-app:3001 "POST /api/v1/workspace/5c70ceeb-2453-430d-9785-a0e66157fa94/chat HTTP/1.1" 200 3393
2026-07-28 01:47:32,111  DEBUG  Starting new HTTP connection (1): target-app:3001
2026-07-28 01:47:38,800  DEBUG  http://target-app:3001 "POST /api/v1/workspace/5c70ceeb-2453-430d-9785-a0e66157fa94/chat HTTP/1.1" 200 2761
2026-07-28 01:47:38,814  DEBUG  Starting new HTTP connection (1): target-app:3001
2026-07-28 01:47:48,630  DEBUG  http://target-app:3001 "POST /api/v1/workspace/5c70ceeb-2453-430d-9785-a0e66157fa94/chat HTTP/1.1" 200 3255
2026-07-28 01:47:48,636  DEBUG  Starting new HTTP connection (1): target-app:3001
2026-07-28 01:47:54,744  DEBUG  http://target-app:3001 "POST /api/v1/workspace/5c70ceeb-2453-430d-9785-a0e66157fa94/chat HTTP/1.1" 200 3194
2026-07-28 01:47:54,749  DEBUG  Starting new HTTP connection (1): target-app:3001
2026-07-28 01:48:01,866  DEBUG  http://target-app:3001 "POST /api/v1/workspace/5c70ceeb-2453-430d-9785-a0e66157fa94/chat HTTP/1.1" 200 2540
2026-07-28 01:48:01,872  DEBUG  Starting new HTTP connection (1): target-app:3001
2026-07-28 01:48:12,776  DEBUG  http://target-app:3001 "POST /api/v1/workspace/5c70ceeb-2453-430d-9785-a0e66157fa94/chat HTTP/1.1" 200 2604
2026-07-28 01:48:12,780  DEBUG  Starting new HTTP connection (1): target-app:3001
2026-07-28 01:48:18,730  DEBUG  http://target-app:3001 "POST /api/v1/workspace/5c70ceeb-2453-430d-9785-a0e66157fa94/chat HTTP/1.1" 200 3345
2026-07-28 01:48:18,735  DEBUG  Starting new HTTP connection (1): target-app:3001
2026-07-28 01:48:21,603  DEBUG  http://target-app:3001 "POST /api/v1/workspace/5c70ceeb-2453-430d-9785-a0e66157fa94/chat HTTP/1.1" 200 2728
2026-07-28 01:48:21,609  DEBUG  Starting new HTTP connection (1): target-app:3001
2026-07-28 01:48:30,234  DEBUG  http://target-app:3001 "POST /api/v1/workspace/5c70ceeb-2453-430d-9785-a0e66157fa94/chat HTTP/1.1" 200 2762
2026-07-28 01:48:30,239  DEBUG  Starting new HTTP connection (1): target-app:3001
2026-07-28 01:48:42,322  DEBUG  http://target-app:3001 "POST /api/v1/workspace/5c70ceeb-2453-430d-9785-a0e66157fa94/chat HTTP/1.1" 200 2904
2026-07-28 01:48:42,327  DEBUG  Starting new HTTP connection (1): target-app:3001
2026-07-28 01:48:51,903  DEBUG  http://target-app:3001 "POST /api/v1/workspace/5c70ceeb-2453-430d-9785-a0e66157fa94/chat HTTP/1.1" 200 3501
2026-07-28 01:48:51,914  DEBUG  Starting new HTTP connection (1): target-app:3001
2026-07-28 01:49:00,324  DEBUG  http://target-app:3001 "POST /api/v1/workspace/5c70ceeb-2453-430d-9785-a0e66157fa94/chat HTTP/1.1" 200 3258
2026-07-28 01:49:00,337  DEBUG  Starting new HTTP connection (1): target-app:3001
2026-07-28 01:49:10,503  DEBUG  http://target-app:3001 "POST /api/v1/workspace/5c70ceeb-2453-430d-9785-a0e66157fa94/chat HTTP/1.1" 200 3427
2026-07-28 01:49:10,513  DEBUG  Starting new HTTP connection (1): target-app:3001
2026-07-28 01:49:19,708  DEBUG  http://target-app:3001 "POST /api/v1/workspace/5c70ceeb-2453-430d-9785-a0e66157fa94/chat HTTP/1.1" 200 3393
2026-07-28 01:49:19,720  DEBUG  Starting new HTTP connection (1): target-app:3001
2026-07-28 01:49:30,302  DEBUG  http://target-app:3001 "POST /api/v1/workspace/5c70ceeb-2453-430d-9785-a0e66157fa94/chat HTTP/1.1" 200 3307
2026-07-28 01:49:30,307  DEBUG  Starting new HTTP connection (1): target-app:3001
2026-07-28 01:49:36,861  DEBUG  http://target-app:3001 "POST /api/v1/workspace/5c70ceeb-2453-430d-9785-a0e66157fa94/chat HTTP/1.1" 200 2668
2026-07-28 01:49:36,867  DEBUG  Starting new HTTP connection (1): target-app:3001
2026-07-28 01:49:45,733  DEBUG  http://target-app:3001 "POST /api/v1/workspace/5c70ceeb-2453-430d-9785-a0e66157fa94/chat HTTP/1.1" 200 2748
2026-07-28 01:49:45,742  DEBUG  Starting new HTTP connection (1): target-app:3001
2026-07-28 01:49:51,765  DEBUG  http://target-app:3001 "POST /api/v1/workspace/5c70ceeb-2453-430d-9785-a0e66157fa94/chat HTTP/1.1" 200 3337
2026-07-28 01:49:51,770  DEBUG  Starting new HTTP connection (1): target-app:3001
2026-07-28 01:49:56,831  DEBUG  http://target-app:3001 "POST /api/v1/workspace/5c70ceeb-2453-430d-9785-a0e66157fa94/chat HTTP/1.1" 200 3241
2026-07-28 01:49:56,835  DEBUG  Starting new HTTP connection (1): target-app:3001
2026-07-28 01:50:05,689  DEBUG  http://target-app:3001 "POST /api/v1/workspace/5c70ceeb-2453-430d-9785-a0e66157fa94/chat HTTP/1.1" 200 2956
2026-07-28 01:50:05,693  DEBUG  Starting new HTTP connection (1): target-app:3001
2026-07-28 01:50:13,017  DEBUG  http://target-app:3001 "POST /api/v1/workspace/5c70ceeb-2453-430d-9785-a0e66157fa94/chat HTTP/1.1" 200 3510
2026-07-28 01:50:13,021  DEBUG  Starting new HTTP connection (1): target-app:3001
2026-07-28 01:50:16,802  DEBUG  http://target-app:3001 "POST /api/v1/workspace/5c70ceeb-2453-430d-9785-a0e66157fa94/chat HTTP/1.1" 200 3255
2026-07-28 01:50:16,807  DEBUG  Starting new HTTP connection (1): target-app:3001
2026-07-28 01:50:26,450  DEBUG  http://target-app:3001 "POST /api/v1/workspace/5c70ceeb-2453-430d-9785-a0e66157fa94/chat HTTP/1.1" 200 3261
2026-07-28 01:50:26,459  DEBUG  Starting new HTTP connection (1): target-app:3001
2026-07-28 01:50:32,935  DEBUG  http://target-app:3001 "POST /api/v1/workspace/5c70ceeb-2453-430d-9785-a0e66157fa94/chat HTTP/1.1" 200 2749
2026-07-28 01:50:32,960  DEBUG  Starting new HTTP connection (1): target-app:3001
2026-07-28 01:50:38,079  DEBUG  http://target-app:3001 "POST /api/v1/workspace/5c70ceeb-2453-430d-9785-a0e66157fa94/chat HTTP/1.1" 200 3356
2026-07-28 01:50:38,088  DEBUG  Starting new HTTP connection (1): target-app:3001
2026-07-28 01:50:42,374  DEBUG  http://target-app:3001 "POST /api/v1/workspace/5c70ceeb-2453-430d-9785-a0e66157fa94/chat HTTP/1.1" 200 2554
2026-07-28 01:50:42,379  DEBUG  Starting new HTTP connection (1): target-app:3001
2026-07-28 01:50:48,408  DEBUG  http://target-app:3001 "POST /api/v1/workspace/5c70ceeb-2453-430d-9785-a0e66157fa94/chat HTTP/1.1" 200 3625
2026-07-28 01:50:48,413  DEBUG  Starting new HTTP connection (1): target-app:3001
2026-07-28 01:50:55,483  DEBUG  http://target-app:3001 "POST /api/v1/workspace/5c70ceeb-2453-430d-9785-a0e66157fa94/chat HTTP/1.1" 200 3264
2026-07-28 01:50:55,487  DEBUG  Starting new HTTP connection (1): target-app:3001
2026-07-28 01:50:57,293  DEBUG  http://target-app:3001 "POST /api/v1/workspace/5c70ceeb-2453-430d-9785-a0e66157fa94/chat HTTP/1.1" 200 3431
2026-07-28 01:50:57,297  DEBUG  Starting new HTTP connection (1): target-app:3001
2026-07-28 01:51:02,705  DEBUG  http://target-app:3001 "POST /api/v1/workspace/5c70ceeb-2453-430d-9785-a0e66157fa94/chat HTTP/1.1" 200 3414
2026-07-28 01:51:02,715  DEBUG  Starting new HTTP connection (1): target-app:3001
2026-07-28 01:51:09,327  DEBUG  http://target-app:3001 "POST /api/v1/workspace/5c70ceeb-2453-430d-9785-a0e66157fa94/chat HTTP/1.1" 200 3437
2026-07-28 01:51:09,338  DEBUG  Starting new HTTP connection (1): target-app:3001
2026-07-28 01:51:15,955  DEBUG  http://target-app:3001 "POST /api/v1/workspace/5c70ceeb-2453-430d-9785-a0e66157fa94/chat HTTP/1.1" 200 3303
2026-07-28 01:51:15,961  DEBUG  Starting new HTTP connection (1): target-app:3001
2026-07-28 01:51:22,703  DEBUG  http://target-app:3001 "POST /api/v1/workspace/5c70ceeb-2453-430d-9785-a0e66157fa94/chat HTTP/1.1" 200 3491
2026-07-28 01:51:22,708  DEBUG  Starting new HTTP connection (1): target-app:3001
2026-07-28 01:51:30,323  DEBUG  http://target-app:3001 "POST /api/v1/workspace/5c70ceeb-2453-430d-9785-a0e66157fa94/chat HTTP/1.1" 200 2510
2026-07-28 01:51:30,328  DEBUG  Starting new HTTP connection (1): target-app:3001
2026-07-28 01:51:36,279  DEBUG  http://target-app:3001 "POST /api/v1/workspace/5c70ceeb-2453-430d-9785-a0e66157fa94/chat HTTP/1.1" 200 3368
2026-07-28 01:51:36,290  DEBUG  Starting new HTTP connection (1): target-app:3001
2026-07-28 01:51:40,556  DEBUG  http://target-app:3001 "POST /api/v1/workspace/5c70ceeb-2453-430d-9785-a0e66157fa94/chat HTTP/1.1" 200 3486
2026-07-28 01:51:40,563  DEBUG  Starting new HTTP connection (1): target-app:3001
2026-07-28 01:51:44,363  DEBUG  http://target-app:3001 "POST /api/v1/workspace/5c70ceeb-2453-430d-9785-a0e66157fa94/chat HTTP/1.1" 200 2536
2026-07-28 01:51:44,411  DEBUG  Starting new HTTP connection (1): target-app:3001
2026-07-28 01:51:47,971  DEBUG  http://target-app:3001 "POST /api/v1/workspace/5c70ceeb-2453-430d-9785-a0e66157fa94/chat HTTP/1.1" 200 2766
2026-07-28 01:51:47,976  DEBUG  Starting new HTTP connection (1): target-app:3001
2026-07-28 01:51:50,737  DEBUG  http://target-app:3001 "POST /api/v1/workspace/5c70ceeb-2453-430d-9785-a0e66157fa94/chat HTTP/1.1" 200 2517
2026-07-28 01:51:50,744  DEBUG  Starting new HTTP connection (1): target-app:3001
2026-07-28 01:51:56,164  DEBUG  http://target-app:3001 "POST /api/v1/workspace/5c70ceeb-2453-430d-9785-a0e66157fa94/chat HTTP/1.1" 200 3492
2026-07-28 01:51:56,173  DEBUG  Starting new HTTP connection (1): target-app:3001
2026-07-28 01:52:01,577  DEBUG  http://target-app:3001 "POST /api/v1/workspace/5c70ceeb-2453-430d-9785-a0e66157fa94/chat HTTP/1.1" 200 3368
2026-07-28 01:52:01,583  DEBUG  Starting new HTTP connection (1): target-app:3001
2026-07-28 01:52:03,472  DEBUG  http://target-app:3001 "POST /api/v1/workspace/5c70ceeb-2453-430d-9785-a0e66157fa94/chat HTTP/1.1" 200 2561
2026-07-28 01:52:03,477  DEBUG  Starting new HTTP connection (1): target-app:3001
2026-07-28 01:52:07,048  DEBUG  http://target-app:3001 "POST /api/v1/workspace/5c70ceeb-2453-430d-9785-a0e66157fa94/chat HTTP/1.1" 200 3308
2026-07-28 01:52:07,053  DEBUG  Starting new HTTP connection (1): target-app:3001
2026-07-28 01:52:12,663  DEBUG  http://target-app:3001 "POST /api/v1/workspace/5c70ceeb-2453-430d-9785-a0e66157fa94/chat HTTP/1.1" 200 2685
2026-07-28 01:52:12,668  DEBUG  Starting new HTTP connection (1): target-app:3001
2026-07-28 01:52:17,423  DEBUG  http://target-app:3001 "POST /api/v1/workspace/5c70ceeb-2453-430d-9785-a0e66157fa94/chat HTTP/1.1" 200 3177
2026-07-28 01:52:17,436  DEBUG  Starting new HTTP connection (1): target-app:3001
2026-07-28 01:52:23,349  DEBUG  http://target-app:3001 "POST /api/v1/workspace/5c70ceeb-2453-430d-9785-a0e66157fa94/chat HTTP/1.1" 200 2573
2026-07-28 01:52:23,394  DEBUG  Starting new HTTP connection (1): target-app:3001
2026-07-28 01:52:30,893  DEBUG  http://target-app:3001 "POST /api/v1/workspace/5c70ceeb-2453-430d-9785-a0e66157fa94/chat HTTP/1.1" 200 3611
2026-07-28 01:52:30,898  DEBUG  Starting new HTTP connection (1): target-app:3001
2026-07-28 01:52:36,275  DEBUG  http://target-app:3001 "POST /api/v1/workspace/5c70ceeb-2453-430d-9785-a0e66157fa94/chat HTTP/1.1" 200 3385
2026-07-28 01:52:36,279  DEBUG  Starting new HTTP connection (1): target-app:3001
2026-07-28 01:52:41,031  DEBUG  http://target-app:3001 "POST /api/v1/workspace/5c70ceeb-2453-430d-9785-a0e66157fa94/chat HTTP/1.1" 200 2519
2026-07-28 01:52:41,036  DEBUG  Starting new HTTP connection (1): target-app:3001
2026-07-28 01:52:46,969  DEBUG  http://target-app:3001 "POST /api/v1/workspace/5c70ceeb-2453-430d-9785-a0e66157fa94/chat HTTP/1.1" 200 3187
2026-07-28 01:52:46,976  DEBUG  Starting new HTTP connection (1): target-app:3001
2026-07-28 01:52:48,950  DEBUG  http://target-app:3001 "POST /api/v1/workspace/5c70ceeb-2453-430d-9785-a0e66157fa94/chat HTTP/1.1" 200 2729
2026-07-28 01:52:48,954  DEBUG  Starting new HTTP connection (1): target-app:3001
2026-07-28 01:52:52,421  DEBUG  http://target-app:3001 "POST /api/v1/workspace/5c70ceeb-2453-430d-9785-a0e66157fa94/chat HTTP/1.1" 200 2804
2026-07-28 01:52:52,426  DEBUG  Starting new HTTP connection (1): target-app:3001
2026-07-28 01:52:56,271  DEBUG  http://target-app:3001 "POST /api/v1/workspace/5c70ceeb-2453-430d-9785-a0e66157fa94/chat HTTP/1.1" 200 3199
2026-07-28 01:52:56,275  DEBUG  Starting new HTTP connection (1): target-app:3001
2026-07-28 01:52:58,366  DEBUG  http://target-app:3001 "POST /api/v1/workspace/5c70ceeb-2453-430d-9785-a0e66157fa94/chat HTTP/1.1" 200 3303
2026-07-28 01:52:58,372  DEBUG  Starting new HTTP connection (1): target-app:3001
2026-07-28 01:53:02,427  DEBUG  http://target-app:3001 "POST /api/v1/workspace/5c70ceeb-2453-430d-9785-a0e66157fa94/chat HTTP/1.1" 200 3542
2026-07-28 01:53:02,432  DEBUG  Starting new HTTP connection (1): target-app:3001
2026-07-28 01:53:05,191  DEBUG  http://target-app:3001 "POST /api/v1/workspace/5c70ceeb-2453-430d-9785-a0e66157fa94/chat HTTP/1.1" 200 3339
2026-07-28 01:53:05,195  DEBUG  Starting new HTTP connection (1): target-app:3001
2026-07-28 01:53:07,090  DEBUG  http://target-app:3001 "POST /api/v1/workspace/5c70ceeb-2453-430d-9785-a0e66157fa94/chat HTTP/1.1" 200 3484
2026-07-28 01:53:07,094  DEBUG  Starting new HTTP connection (1): target-app:3001
2026-07-28 01:53:09,888  DEBUG  http://target-app:3001 "POST /api/v1/workspace/5c70ceeb-2453-430d-9785-a0e66157fa94/chat HTTP/1.1" 200 3388
2026-07-28 01:53:09,895  DEBUG  Starting new HTTP connection (1): target-app:3001
2026-07-28 01:53:11,730  DEBUG  http://target-app:3001 "POST /api/v1/workspace/5c70ceeb-2453-430d-9785-a0e66157fa94/chat HTTP/1.1" 200 2681
2026-07-28 01:53:11,735  DEBUG  Starting new HTTP connection (1): target-app:3001
2026-07-28 01:53:15,032  DEBUG  http://target-app:3001 "POST /api/v1/workspace/5c70ceeb-2453-430d-9785-a0e66157fa94/chat HTTP/1.1" 200 3231
2026-07-28 01:53:15,037  DEBUG  Starting new HTTP connection (1): target-app:3001
2026-07-28 01:53:22,704  DEBUG  http://target-app:3001 "POST /api/v1/workspace/5c70ceeb-2453-430d-9785-a0e66157fa94/chat HTTP/1.1" 200 2734
2026-07-28 01:53:22,709  DEBUG  Starting new HTTP connection (1): target-app:3001
2026-07-28 01:53:26,539  DEBUG  http://target-app:3001 "POST /api/v1/workspace/5c70ceeb-2453-430d-9785-a0e66157fa94/chat HTTP/1.1" 200 3623
2026-07-28 01:53:26,544  DEBUG  Starting new HTTP connection (1): target-app:3001
2026-07-28 01:53:31,658  DEBUG  http://target-app:3001 "POST /api/v1/workspace/5c70ceeb-2453-430d-9785-a0e66157fa94/chat HTTP/1.1" 200 3461
2026-07-28 01:53:31,664  DEBUG  Starting new HTTP connection (1): target-app:3001
2026-07-28 01:53:34,890  DEBUG  http://target-app:3001 "POST /api/v1/workspace/5c70ceeb-2453-430d-9785-a0e66157fa94/chat HTTP/1.1" 200 2972
2026-07-28 01:53:34,896  DEBUG  Starting new HTTP connection (1): target-app:3001
2026-07-28 01:53:42,895  DEBUG  http://target-app:3001 "POST /api/v1/workspace/5c70ceeb-2453-430d-9785-a0e66157fa94/chat HTTP/1.1" 200 3456
2026-07-28 01:53:42,901  DEBUG  Starting new HTTP connection (1): target-app:3001
2026-07-28 01:53:46,583  DEBUG  http://target-app:3001 "POST /api/v1/workspace/5c70ceeb-2453-430d-9785-a0e66157fa94/chat HTTP/1.1" 200 3254
2026-07-28 01:53:46,595  DEBUG  Starting new HTTP connection (1): target-app:3001
2026-07-28 01:53:51,118  DEBUG  http://target-app:3001 "POST /api/v1/workspace/5c70ceeb-2453-430d-9785-a0e66157fa94/chat HTTP/1.1" 200 3312
2026-07-28 01:53:51,123  DEBUG  Starting new HTTP connection (1): target-app:3001
2026-07-28 01:53:53,821  DEBUG  http://target-app:3001 "POST /api/v1/workspace/5c70ceeb-2453-430d-9785-a0e66157fa94/chat HTTP/1.1" 200 2502
2026-07-28 01:53:53,831  DEBUG  Starting new HTTP connection (1): target-app:3001
2026-07-28 01:53:59,047  DEBUG  http://target-app:3001 "POST /api/v1/workspace/5c70ceeb-2453-430d-9785-a0e66157fa94/chat HTTP/1.1" 200 2735
2026-07-28 01:53:59,054  DEBUG  Starting new HTTP connection (1): target-app:3001
2026-07-28 01:54:06,872  DEBUG  http://target-app:3001 "POST /api/v1/workspace/5c70ceeb-2453-430d-9785-a0e66157fa94/chat HTTP/1.1" 200 3306
2026-07-28 01:54:06,878  DEBUG  Starting new HTTP connection (1): target-app:3001
2026-07-28 01:54:08,769  DEBUG  http://target-app:3001 "POST /api/v1/workspace/5c70ceeb-2453-430d-9785-a0e66157fa94/chat HTTP/1.1" 200 2747
2026-07-28 01:54:08,774  DEBUG  Starting new HTTP connection (1): target-app:3001
2026-07-28 01:54:17,210  DEBUG  http://target-app:3001 "POST /api/v1/workspace/5c70ceeb-2453-430d-9785-a0e66157fa94/chat HTTP/1.1" 200 3233
2026-07-28 01:54:17,215  DEBUG  Starting new HTTP connection (1): target-app:3001
2026-07-28 01:54:24,196  DEBUG  http://target-app:3001 "POST /api/v1/workspace/5c70ceeb-2453-430d-9785-a0e66157fa94/chat HTTP/1.1" 200 2533
2026-07-28 01:54:24,203  DEBUG  Starting new HTTP connection (1): target-app:3001
2026-07-28 01:54:29,311  DEBUG  http://target-app:3001 "POST /api/v1/workspace/5c70ceeb-2453-430d-9785-a0e66157fa94/chat HTTP/1.1" 200 2691
2026-07-28 01:54:29,318  DEBUG  Starting new HTTP connection (1): target-app:3001
2026-07-28 01:54:33,584  DEBUG  http://target-app:3001 "POST /api/v1/workspace/5c70ceeb-2453-430d-9785-a0e66157fa94/chat HTTP/1.1" 200 2537
2026-07-28 01:54:33,591  DEBUG  Starting new HTTP connection (1): target-app:3001
2026-07-28 01:54:37,340  DEBUG  http://target-app:3001 "POST /api/v1/workspace/5c70ceeb-2453-430d-9785-a0e66157fa94/chat HTTP/1.1" 200 2950
2026-07-28 01:54:37,348  DEBUG  Starting new HTTP connection (1): target-app:3001
2026-07-28 01:54:42,897  DEBUG  http://target-app:3001 "POST /api/v1/workspace/5c70ceeb-2453-430d-9785-a0e66157fa94/chat HTTP/1.1" 200 3528
2026-07-28 01:54:42,903  DEBUG  Starting new HTTP connection (1): target-app:3001
2026-07-28 01:54:46,441  DEBUG  http://target-app:3001 "POST /api/v1/workspace/5c70ceeb-2453-430d-9785-a0e66157fa94/chat HTTP/1.1" 200 3015
2026-07-28 01:54:46,445  DEBUG  Starting new HTTP connection (1): target-app:3001
2026-07-28 01:54:51,053  DEBUG  http://target-app:3001 "POST /api/v1/workspace/5c70ceeb-2453-430d-9785-a0e66157fa94/chat HTTP/1.1" 200 3282
2026-07-28 01:54:51,059  DEBUG  Starting new HTTP connection (1): target-app:3001
2026-07-28 01:54:53,405  DEBUG  http://target-app:3001 "POST /api/v1/workspace/5c70ceeb-2453-430d-9785-a0e66157fa94/chat HTTP/1.1" 200 2632
2026-07-28 01:54:53,411  DEBUG  Starting new HTTP connection (1): target-app:3001
2026-07-28 01:54:57,754  DEBUG  http://target-app:3001 "POST /api/v1/workspace/5c70ceeb-2453-430d-9785-a0e66157fa94/chat HTTP/1.1" 200 3302
2026-07-28 01:54:57,769  DEBUG  Starting new HTTP connection (1): target-app:3001
2026-07-28 01:55:01,048  DEBUG  http://target-app:3001 "POST /api/v1/workspace/5c70ceeb-2453-430d-9785-a0e66157fa94/chat HTTP/1.1" 200 3369
2026-07-28 01:55:01,053  DEBUG  Starting new HTTP connection (1): target-app:3001
2026-07-28 01:55:04,324  DEBUG  http://target-app:3001 "POST /api/v1/workspace/5c70ceeb-2453-430d-9785-a0e66157fa94/chat HTTP/1.1" 200 2713
2026-07-28 01:55:04,329  DEBUG  Starting new HTTP connection (1): target-app:3001
2026-07-28 01:55:08,534  DEBUG  http://target-app:3001 "POST /api/v1/workspace/5c70ceeb-2453-430d-9785-a0e66157fa94/chat HTTP/1.1" 200 3351
2026-07-28 01:55:08,539  DEBUG  Starting new HTTP connection (1): target-app:3001
2026-07-28 01:55:12,379  DEBUG  http://target-app:3001 "POST /api/v1/workspace/5c70ceeb-2453-430d-9785-a0e66157fa94/chat HTTP/1.1" 200 3156
2026-07-28 01:55:12,383  DEBUG  Starting new HTTP connection (1): target-app:3001
2026-07-28 01:55:16,963  DEBUG  http://target-app:3001 "POST /api/v1/workspace/5c70ceeb-2453-430d-9785-a0e66157fa94/chat HTTP/1.1" 200 3490
2026-07-28 01:55:16,969  DEBUG  Starting new HTTP connection (1): target-app:3001
2026-07-28 01:55:20,174  DEBUG  http://target-app:3001 "POST /api/v1/workspace/5c70ceeb-2453-430d-9785-a0e66157fa94/chat HTTP/1.1" 200 3331
2026-07-28 01:55:20,180  DEBUG  Starting new HTTP connection (1): target-app:3001
2026-07-28 01:55:23,449  DEBUG  http://target-app:3001 "POST /api/v1/workspace/5c70ceeb-2453-430d-9785-a0e66157fa94/chat HTTP/1.1" 200 2737
2026-07-28 01:55:23,462  DEBUG  Starting new HTTP connection (1): target-app:3001
2026-07-28 01:55:26,441  DEBUG  http://target-app:3001 "POST /api/v1/workspace/5c70ceeb-2453-430d-9785-a0e66157fa94/chat HTTP/1.1" 200 3378
2026-07-28 01:55:26,446  DEBUG  Starting new HTTP connection (1): target-app:3001
2026-07-28 01:55:29,197  DEBUG  http://target-app:3001 "POST /api/v1/workspace/5c70ceeb-2453-430d-9785-a0e66157fa94/chat HTTP/1.1" 200 3293
2026-07-28 01:55:29,210  DEBUG  Starting new HTTP connection (1): target-app:3001
2026-07-28 01:55:33,349  DEBUG  http://target-app:3001 "POST /api/v1/workspace/5c70ceeb-2453-430d-9785-a0e66157fa94/chat HTTP/1.1" 200 2491
2026-07-28 01:55:33,354  DEBUG  Starting new HTTP connection (1): target-app:3001
2026-07-28 01:55:36,150  DEBUG  http://target-app:3001 "POST /api/v1/workspace/5c70ceeb-2453-430d-9785-a0e66157fa94/chat HTTP/1.1" 200 3289
2026-07-28 01:55:38,018  DEBUG  Starting new HTTP connection (1): target-app:3001
2026-07-28 01:55:41,216  DEBUG  http://target-app:3001 "POST /api/v1/workspace/5c70ceeb-2453-430d-9785-a0e66157fa94/chat HTTP/1.1" 200 3311
2026-07-28 01:55:41,223  DEBUG  Starting new HTTP connection (1): target-app:3001
2026-07-28 01:55:43,386  DEBUG  http://target-app:3001 "POST /api/v1/workspace/5c70ceeb-2453-430d-9785-a0e66157fa94/chat HTTP/1.1" 200 2926
2026-07-28 01:55:43,390  DEBUG  Starting new HTTP connection (1): target-app:3001
2026-07-28 01:55:45,415  DEBUG  http://target-app:3001 "POST /api/v1/workspace/5c70ceeb-2453-430d-9785-a0e66157fa94/chat HTTP/1.1" 200 3299
2026-07-28 01:55:45,420  DEBUG  Starting new HTTP connection (1): target-app:3001
2026-07-28 01:55:47,528  DEBUG  http://target-app:3001 "POST /api/v1/workspace/5c70ceeb-2453-430d-9785-a0e66157fa94/chat HTTP/1.1" 200 3075
2026-07-28 01:55:47,533  DEBUG  Starting new HTTP connection (1): target-app:3001
2026-07-28 01:55:50,246  DEBUG  http://target-app:3001 "POST /api/v1/workspace/5c70ceeb-2453-430d-9785-a0e66157fa94/chat HTTP/1.1" 200 3363
2026-07-28 01:55:50,252  DEBUG  Starting new HTTP connection (1): target-app:3001
2026-07-28 01:55:52,760  DEBUG  http://target-app:3001 "POST /api/v1/workspace/5c70ceeb-2453-430d-9785-a0e66157fa94/chat HTTP/1.1" 200 2868
2026-07-28 01:55:52,764  DEBUG  Starting new HTTP connection (1): target-app:3001
2026-07-28 01:55:55,359  DEBUG  http://target-app:3001 "POST /api/v1/workspace/5c70ceeb-2453-430d-9785-a0e66157fa94/chat HTTP/1.1" 200 3421
2026-07-28 01:55:55,365  DEBUG  Starting new HTTP connection (1): target-app:3001
2026-07-28 01:55:58,111  DEBUG  http://target-app:3001 "POST /api/v1/workspace/5c70ceeb-2453-430d-9785-a0e66157fa94/chat HTTP/1.1" 200 3558
2026-07-28 01:55:58,115  DEBUG  Starting new HTTP connection (1): target-app:3001
2026-07-28 01:56:00,736  DEBUG  http://target-app:3001 "POST /api/v1/workspace/5c70ceeb-2453-430d-9785-a0e66157fa94/chat HTTP/1.1" 200 2766
2026-07-28 01:56:00,741  DEBUG  Starting new HTTP connection (1): target-app:3001
2026-07-28 01:56:03,778  DEBUG  http://target-app:3001 "POST /api/v1/workspace/5c70ceeb-2453-430d-9785-a0e66157fa94/chat HTTP/1.1" 200 2705
2026-07-28 01:56:03,785  DEBUG  Starting new HTTP connection (1): target-app:3001
2026-07-28 01:56:06,409  DEBUG  http://target-app:3001 "POST /api/v1/workspace/5c70ceeb-2453-430d-9785-a0e66157fa94/chat HTTP/1.1" 200 2586
2026-07-28 01:56:06,413  DEBUG  Starting new HTTP connection (1): target-app:3001
2026-07-28 01:56:08,593  DEBUG  http://target-app:3001 "POST /api/v1/workspace/5c70ceeb-2453-430d-9785-a0e66157fa94/chat HTTP/1.1" 200 2491
2026-07-28 01:56:08,597  DEBUG  Starting new HTTP connection (1): target-app:3001
2026-07-28 01:56:10,858  DEBUG  http://target-app:3001 "POST /api/v1/workspace/5c70ceeb-2453-430d-9785-a0e66157fa94/chat HTTP/1.1" 200 3286
2026-07-28 01:56:10,862  DEBUG  Starting new HTTP connection (1): target-app:3001
2026-07-28 01:56:13,478  DEBUG  http://target-app:3001 "POST /api/v1/workspace/5c70ceeb-2453-430d-9785-a0e66157fa94/chat HTTP/1.1" 200 2912
2026-07-28 01:56:13,482  DEBUG  Starting new HTTP connection (1): target-app:3001
2026-07-28 01:56:15,375  DEBUG  http://target-app:3001 "POST /api/v1/workspace/5c70ceeb-2453-430d-9785-a0e66157fa94/chat HTTP/1.1" 200 2569
2026-07-28 01:56:15,379  DEBUG  Starting new HTTP connection (1): target-app:3001
2026-07-28 01:56:17,881  DEBUG  http://target-app:3001 "POST /api/v1/workspace/5c70ceeb-2453-430d-9785-a0e66157fa94/chat HTTP/1.1" 200 3316
2026-07-28 01:56:17,887  DEBUG  Starting new HTTP connection (1): target-app:3001
2026-07-28 01:56:20,719  DEBUG  http://target-app:3001 "POST /api/v1/workspace/5c70ceeb-2453-430d-9785-a0e66157fa94/chat HTTP/1.1" 200 3384
2026-07-28 01:56:20,723  DEBUG  Starting new HTTP connection (1): target-app:3001
2026-07-28 01:56:22,755  DEBUG  http://target-app:3001 "POST /api/v1/workspace/5c70ceeb-2453-430d-9785-a0e66157fa94/chat HTTP/1.1" 200 3170
2026-07-28 01:56:22,760  DEBUG  Starting new HTTP connection (1): target-app:3001
2026-07-28 01:56:24,904  DEBUG  http://target-app:3001 "POST /api/v1/workspace/5c70ceeb-2453-430d-9785-a0e66157fa94/chat HTTP/1.1" 200 2832
2026-07-28 01:56:24,909  DEBUG  Starting new HTTP connection (1): target-app:3001
2026-07-28 01:56:26,785  DEBUG  http://target-app:3001 "POST /api/v1/workspace/5c70ceeb-2453-430d-9785-a0e66157fa94/chat HTTP/1.1" 200 2551
2026-07-28 01:56:26,790  DEBUG  Starting new HTTP connection (1): target-app:3001
2026-07-28 01:56:28,603  DEBUG  http://target-app:3001 "POST /api/v1/workspace/5c70ceeb-2453-430d-9785-a0e66157fa94/chat HTTP/1.1" 200 2490
2026-07-28 01:56:28,608  DEBUG  Starting new HTTP connection (1): target-app:3001
2026-07-28 01:56:30,593  DEBUG  http://target-app:3001 "POST /api/v1/workspace/5c70ceeb-2453-430d-9785-a0e66157fa94/chat HTTP/1.1" 200 3304
2026-07-28 01:56:30,597  DEBUG  Starting new HTTP connection (1): target-app:3001
2026-07-28 01:56:32,589  DEBUG  http://target-app:3001 "POST /api/v1/workspace/5c70ceeb-2453-430d-9785-a0e66157fa94/chat HTTP/1.1" 200 3230
2026-07-28 01:56:32,593  DEBUG  Starting new HTTP connection (1): target-app:3001
2026-07-28 01:56:34,979  DEBUG  http://target-app:3001 "POST /api/v1/workspace/5c70ceeb-2453-430d-9785-a0e66157fa94/chat HTTP/1.1" 200 3325
2026-07-28 01:56:34,983  DEBUG  Starting new HTTP connection (1): target-app:3001
2026-07-28 01:56:36,937  DEBUG  http://target-app:3001 "POST /api/v1/workspace/5c70ceeb-2453-430d-9785-a0e66157fa94/chat HTTP/1.1" 200 3182
2026-07-28 01:56:36,943  DEBUG  Starting new HTTP connection (1): target-app:3001
2026-07-28 01:56:38,742  DEBUG  http://target-app:3001 "POST /api/v1/workspace/5c70ceeb-2453-430d-9785-a0e66157fa94/chat HTTP/1.1" 200 2671
2026-07-28 01:56:38,747  DEBUG  Starting new HTTP connection (1): target-app:3001
2026-07-28 01:56:40,691  DEBUG  http://target-app:3001 "POST /api/v1/workspace/5c70ceeb-2453-430d-9785-a0e66157fa94/chat HTTP/1.1" 200 2489
2026-07-28 01:56:40,696  DEBUG  Starting new HTTP connection (1): target-app:3001
2026-07-28 01:56:42,753  DEBUG  http://target-app:3001 "POST /api/v1/workspace/5c70ceeb-2453-430d-9785-a0e66157fa94/chat HTTP/1.1" 200 2556
2026-07-28 01:56:42,757  DEBUG  Starting new HTTP connection (1): target-app:3001
2026-07-28 01:56:44,643  DEBUG  http://target-app:3001 "POST /api/v1/workspace/5c70ceeb-2453-430d-9785-a0e66157fa94/chat HTTP/1.1" 200 2511
2026-07-28 01:56:44,647  DEBUG  Starting new HTTP connection (1): target-app:3001
2026-07-28 01:56:47,131  DEBUG  http://target-app:3001 "POST /api/v1/workspace/5c70ceeb-2453-430d-9785-a0e66157fa94/chat HTTP/1.1" 200 3303
2026-07-28 01:56:47,135  DEBUG  Starting new HTTP connection (1): target-app:3001
2026-07-28 01:56:49,631  DEBUG  http://target-app:3001 "POST /api/v1/workspace/5c70ceeb-2453-430d-9785-a0e66157fa94/chat HTTP/1.1" 200 2962
2026-07-28 01:56:49,636  DEBUG  Starting new HTTP connection (1): target-app:3001
2026-07-28 01:56:51,790  DEBUG  http://target-app:3001 "POST /api/v1/workspace/5c70ceeb-2453-430d-9785-a0e66157fa94/chat HTTP/1.1" 200 3308
2026-07-28 01:56:51,795  DEBUG  Starting new HTTP connection (1): target-app:3001
2026-07-28 01:56:53,590  DEBUG  http://target-app:3001 "POST /api/v1/workspace/5c70ceeb-2453-430d-9785-a0e66157fa94/chat HTTP/1.1" 200 2645
2026-07-28 01:56:53,594  DEBUG  Starting new HTTP connection (1): target-app:3001
2026-07-28 01:56:55,500  DEBUG  http://target-app:3001 "POST /api/v1/workspace/5c70ceeb-2453-430d-9785-a0e66157fa94/chat HTTP/1.1" 200 2979
2026-07-28 01:56:55,505  DEBUG  Starting new HTTP connection (1): target-app:3001
2026-07-28 01:56:57,710  DEBUG  http://target-app:3001 "POST /api/v1/workspace/5c70ceeb-2453-430d-9785-a0e66157fa94/chat HTTP/1.1" 200 3409
2026-07-28 01:56:57,714  DEBUG  Starting new HTTP connection (1): target-app:3001
2026-07-28 01:56:59,726  DEBUG  http://target-app:3001 "POST /api/v1/workspace/5c70ceeb-2453-430d-9785-a0e66157fa94/chat HTTP/1.1" 200 3286
2026-07-28 01:56:59,731  DEBUG  Starting new HTTP connection (1): target-app:3001
2026-07-28 01:57:03,275  DEBUG  http://target-app:3001 "POST /api/v1/workspace/5c70ceeb-2453-430d-9785-a0e66157fa94/chat HTTP/1.1" 200 3556
2026-07-28 01:57:03,280  DEBUG  Starting new HTTP connection (1): target-app:3001
2026-07-28 01:57:05,669  DEBUG  http://target-app:3001 "POST /api/v1/workspace/5c70ceeb-2453-430d-9785-a0e66157fa94/chat HTTP/1.1" 200 2961
2026-07-28 01:57:05,675  DEBUG  Starting new HTTP connection (1): target-app:3001
2026-07-28 01:57:09,823  DEBUG  http://target-app:3001 "POST /api/v1/workspace/5c70ceeb-2453-430d-9785-a0e66157fa94/chat HTTP/1.1" 200 2887
2026-07-28 01:57:09,828  DEBUG  Starting new HTTP connection (1): target-app:3001
2026-07-28 01:57:13,512  DEBUG  http://target-app:3001 "POST /api/v1/workspace/5c70ceeb-2453-430d-9785-a0e66157fa94/chat HTTP/1.1" 200 3515
2026-07-28 01:57:13,518  DEBUG  Starting new HTTP connection (1): target-app:3001
2026-07-28 01:57:16,132  DEBUG  http://target-app:3001 "POST /api/v1/workspace/5c70ceeb-2453-430d-9785-a0e66157fa94/chat HTTP/1.1" 200 2734
2026-07-28 01:57:16,137  DEBUG  Starting new HTTP connection (1): target-app:3001
2026-07-28 01:57:19,373  DEBUG  http://target-app:3001 "POST /api/v1/workspace/5c70ceeb-2453-430d-9785-a0e66157fa94/chat HTTP/1.1" 200 3818
2026-07-28 01:57:19,377  DEBUG  Starting new HTTP connection (1): target-app:3001
2026-07-28 01:57:21,343  DEBUG  http://target-app:3001 "POST /api/v1/workspace/5c70ceeb-2453-430d-9785-a0e66157fa94/chat HTTP/1.1" 200 2490
2026-07-28 01:57:21,348  DEBUG  Starting new HTTP connection (1): target-app:3001
2026-07-28 01:57:23,523  DEBUG  http://target-app:3001 "POST /api/v1/workspace/5c70ceeb-2453-430d-9785-a0e66157fa94/chat HTTP/1.1" 200 3342
2026-07-28 01:57:23,528  DEBUG  Starting new HTTP connection (1): target-app:3001
2026-07-28 01:57:25,485  DEBUG  http://target-app:3001 "POST /api/v1/workspace/5c70ceeb-2453-430d-9785-a0e66157fa94/chat HTTP/1.1" 200 3293
2026-07-28 01:57:25,490  DEBUG  Starting new HTTP connection (1): target-app:3001
2026-07-28 01:57:27,458  DEBUG  http://target-app:3001 "POST /api/v1/workspace/5c70ceeb-2453-430d-9785-a0e66157fa94/chat HTTP/1.1" 200 2519
2026-07-28 01:57:27,462  DEBUG  Starting new HTTP connection (1): target-app:3001
2026-07-28 01:57:29,588  DEBUG  http://target-app:3001 "POST /api/v1/workspace/5c70ceeb-2453-430d-9785-a0e66157fa94/chat HTTP/1.1" 200 2878
2026-07-28 01:57:29,595  DEBUG  Starting new HTTP connection (1): target-app:3001
2026-07-28 01:57:32,327  DEBUG  http://target-app:3001 "POST /api/v1/workspace/5c70ceeb-2453-430d-9785-a0e66157fa94/chat HTTP/1.1" 200 2740
2026-07-28 01:57:32,338  DEBUG  Starting new HTTP connection (1): target-app:3001
2026-07-28 01:57:34,175  DEBUG  http://target-app:3001 "POST /api/v1/workspace/5c70ceeb-2453-430d-9785-a0e66157fa94/chat HTTP/1.1" 200 2488
2026-07-28 01:57:34,185  DEBUG  Starting new HTTP connection (1): target-app:3001
2026-07-28 01:57:35,913  DEBUG  http://target-app:3001 "POST /api/v1/workspace/5c70ceeb-2453-430d-9785-a0e66157fa94/chat HTTP/1.1" 200 3341
2026-07-28 01:57:35,917  DEBUG  Starting new HTTP connection (1): target-app:3001
2026-07-28 01:57:38,657  DEBUG  http://target-app:3001 "POST /api/v1/workspace/5c70ceeb-2453-430d-9785-a0e66157fa94/chat HTTP/1.1" 200 3363
2026-07-28 01:57:38,666  DEBUG  Starting new HTTP connection (1): target-app:3001
2026-07-28 01:57:41,496  DEBUG  http://target-app:3001 "POST /api/v1/workspace/5c70ceeb-2453-430d-9785-a0e66157fa94/chat HTTP/1.1" 200 2721
2026-07-28 01:57:41,500  DEBUG  Starting new HTTP connection (1): target-app:3001
2026-07-28 01:57:44,408  DEBUG  http://target-app:3001 "POST /api/v1/workspace/5c70ceeb-2453-430d-9785-a0e66157fa94/chat HTTP/1.1" 200 2692
2026-07-28 01:57:44,413  DEBUG  Starting new HTTP connection (1): target-app:3001
2026-07-28 01:57:47,289  DEBUG  http://target-app:3001 "POST /api/v1/workspace/5c70ceeb-2453-430d-9785-a0e66157fa94/chat HTTP/1.1" 200 2989
2026-07-28 01:57:47,294  DEBUG  Starting new HTTP connection (1): target-app:3001
2026-07-28 01:57:49,584  DEBUG  http://target-app:3001 "POST /api/v1/workspace/5c70ceeb-2453-430d-9785-a0e66157fa94/chat HTTP/1.1" 200 2581
2026-07-28 01:57:49,589  DEBUG  Starting new HTTP connection (1): target-app:3001
2026-07-28 01:57:51,457  DEBUG  http://target-app:3001 "POST /api/v1/workspace/5c70ceeb-2453-430d-9785-a0e66157fa94/chat HTTP/1.1" 200 3310
2026-07-28 01:57:51,461  DEBUG  Starting new HTTP connection (1): target-app:3001
2026-07-28 01:57:53,663  DEBUG  http://target-app:3001 "POST /api/v1/workspace/5c70ceeb-2453-430d-9785-a0e66157fa94/chat HTTP/1.1" 200 2773
2026-07-28 01:57:53,669  DEBUG  Starting new HTTP connection (1): target-app:3001
2026-07-28 01:57:55,860  DEBUG  http://target-app:3001 "POST /api/v1/workspace/5c70ceeb-2453-430d-9785-a0e66157fa94/chat HTTP/1.1" 200 3376
2026-07-28 01:57:55,867  DEBUG  Starting new HTTP connection (1): target-app:3001
2026-07-28 01:57:58,023  DEBUG  http://target-app:3001 "POST /api/v1/workspace/5c70ceeb-2453-430d-9785-a0e66157fa94/chat HTTP/1.1" 200 2736
2026-07-28 01:57:58,036  DEBUG  Starting new HTTP connection (1): target-app:3001
2026-07-28 01:58:00,083  DEBUG  http://target-app:3001 "POST /api/v1/workspace/5c70ceeb-2453-430d-9785-a0e66157fa94/chat HTTP/1.1" 200 2687
2026-07-28 01:58:00,095  DEBUG  Starting new HTTP connection (1): target-app:3001
2026-07-28 01:58:02,421  DEBUG  http://target-app:3001 "POST /api/v1/workspace/5c70ceeb-2453-430d-9785-a0e66157fa94/chat HTTP/1.1" 200 2743
2026-07-28 01:58:02,426  DEBUG  Starting new HTTP connection (1): target-app:3001
2026-07-28 01:58:04,470  DEBUG  http://target-app:3001 "POST /api/v1/workspace/5c70ceeb-2453-430d-9785-a0e66157fa94/chat HTTP/1.1" 200 2822
2026-07-28 01:58:04,474  DEBUG  Starting new HTTP connection (1): target-app:3001
2026-07-28 01:58:06,313  DEBUG  http://target-app:3001 "POST /api/v1/workspace/5c70ceeb-2453-430d-9785-a0e66157fa94/chat HTTP/1.1" 200 2577
2026-07-28 01:58:06,317  DEBUG  Starting new HTTP connection (1): target-app:3001
2026-07-28 01:58:08,990  DEBUG  http://target-app:3001 "POST /api/v1/workspace/5c70ceeb-2453-430d-9785-a0e66157fa94/chat HTTP/1.1" 200 2799
2026-07-28 01:58:08,995  DEBUG  Starting new HTTP connection (1): target-app:3001
2026-07-28 01:58:11,008  DEBUG  http://target-app:3001 "POST /api/v1/workspace/5c70ceeb-2453-430d-9785-a0e66157fa94/chat HTTP/1.1" 200 3283
2026-07-28 01:58:11,013  DEBUG  Starting new HTTP connection (1): target-app:3001
2026-07-28 01:58:13,024  DEBUG  http://target-app:3001 "POST /api/v1/workspace/5c70ceeb-2453-430d-9785-a0e66157fa94/chat HTTP/1.1" 200 3272
2026-07-28 01:58:13,029  DEBUG  Starting new HTTP connection (1): target-app:3001
2026-07-28 01:58:15,156  DEBUG  http://target-app:3001 "POST /api/v1/workspace/5c70ceeb-2453-430d-9785-a0e66157fa94/chat HTTP/1.1" 200 2693
2026-07-28 01:58:15,161  DEBUG  Starting new HTTP connection (1): target-app:3001
2026-07-28 01:58:17,487  DEBUG  http://target-app:3001 "POST /api/v1/workspace/5c70ceeb-2453-430d-9785-a0e66157fa94/chat HTTP/1.1" 200 3515
2026-07-28 01:58:17,491  DEBUG  Starting new HTTP connection (1): target-app:3001
2026-07-28 01:58:19,727  DEBUG  http://target-app:3001 "POST /api/v1/workspace/5c70ceeb-2453-430d-9785-a0e66157fa94/chat HTTP/1.1" 200 3402
2026-07-28 01:58:19,736  DEBUG  Starting new HTTP connection (1): target-app:3001
2026-07-28 01:58:23,742  DEBUG  http://target-app:3001 "POST /api/v1/workspace/5c70ceeb-2453-430d-9785-a0e66157fa94/chat HTTP/1.1" 200 3372
2026-07-28 01:58:24,510  DEBUG  Starting new HTTP connection (1): target-app:3001
2026-07-28 01:58:32,542  DEBUG  http://target-app:3001 "POST /api/v1/workspace/5c70ceeb-2453-430d-9785-a0e66157fa94/chat HTTP/1.1" 200 2891
2026-07-28 01:58:32,586  DEBUG  Starting new HTTP connection (1): target-app:3001
2026-07-28 01:58:39,923  DEBUG  http://target-app:3001 "POST /api/v1/workspace/5c70ceeb-2453-430d-9785-a0e66157fa94/chat HTTP/1.1" 200 3364
2026-07-28 01:58:39,929  DEBUG  Starting new HTTP connection (1): target-app:3001
2026-07-28 01:59:07,637  DEBUG  http://target-app:3001 "POST /api/v1/workspace/5c70ceeb-2453-430d-9785-a0e66157fa94/chat HTTP/1.1" 200 3120
2026-07-28 01:59:07,643  DEBUG  Starting new HTTP connection (1): target-app:3001
2026-07-28 01:59:14,359  DEBUG  http://target-app:3001 "POST /api/v1/workspace/5c70ceeb-2453-430d-9785-a0e66157fa94/chat HTTP/1.1" 200 3385
2026-07-28 01:59:14,365  DEBUG  Starting new HTTP connection (1): target-app:3001
2026-07-28 01:59:24,048  DEBUG  http://target-app:3001 "POST /api/v1/workspace/5c70ceeb-2453-430d-9785-a0e66157fa94/chat HTTP/1.1" 200 3546
2026-07-28 01:59:24,058  DEBUG  Starting new HTTP connection (1): target-app:3001
2026-07-28 01:59:29,067  DEBUG  http://target-app:3001 "POST /api/v1/workspace/5c70ceeb-2453-430d-9785-a0e66157fa94/chat HTTP/1.1" 200 2579
2026-07-28 01:59:29,071  DEBUG  Starting new HTTP connection (1): target-app:3001
2026-07-28 01:59:40,994  DEBUG  http://target-app:3001 "POST /api/v1/workspace/5c70ceeb-2453-430d-9785-a0e66157fa94/chat HTTP/1.1" 200 3276
2026-07-28 01:59:41,000  DEBUG  Starting new HTTP connection (1): target-app:3001
2026-07-28 01:59:46,979  DEBUG  http://target-app:3001 "POST /api/v1/workspace/5c70ceeb-2453-430d-9785-a0e66157fa94/chat HTTP/1.1" 200 2651
2026-07-28 01:59:46,983  DEBUG  Starting new HTTP connection (1): target-app:3001
2026-07-28 01:59:56,475  DEBUG  http://target-app:3001 "POST /api/v1/workspace/5c70ceeb-2453-430d-9785-a0e66157fa94/chat HTTP/1.1" 200 3462
2026-07-28 01:59:56,481  DEBUG  Starting new HTTP connection (1): target-app:3001
2026-07-28 02:00:02,547  DEBUG  http://target-app:3001 "POST /api/v1/workspace/5c70ceeb-2453-430d-9785-a0e66157fa94/chat HTTP/1.1" 200 2573
2026-07-28 02:00:02,558  DEBUG  Starting new HTTP connection (1): target-app:3001
2026-07-28 02:00:12,500  DEBUG  http://target-app:3001 "POST /api/v1/workspace/5c70ceeb-2453-430d-9785-a0e66157fa94/chat HTTP/1.1" 200 2826
2026-07-28 02:00:12,727  DEBUG  Starting new HTTP connection (1): target-app:3001
2026-07-28 02:00:21,907  DEBUG  http://target-app:3001 "POST /api/v1/workspace/5c70ceeb-2453-430d-9785-a0e66157fa94/chat HTTP/1.1" 200 3590
2026-07-28 02:00:21,936  DEBUG  probe return: <garak.probes.encoding.InjectBase64 object at 0x7228ccbd9910> with 256 attempts
2026-07-28 02:00:22,002  DEBUG  harness: run detector garak.detectors.encoding.DecodeMatch
2026-07-28 02:00:22,045  DEBUG  harness: run detector garak.detectors.encoding.DecodeApprox
2026-07-28 02:00:23,079  DEBUG  harness: probe list iteration completed
2026-07-28 02:00:23,083  INFO  run complete, ending
2026-07-28 02:00:23,240  INFO  garak run complete in 1446.95s
2026-07-28 02:16:16,208  INFO  invoked
2026-07-28 02:16:16,209  DEBUG  Loading configs from: /usr/local/lib/python3.12/site-packages/garak/resources/garak.core.yaml
2026-07-28 02:16:16,218  DEBUG  args - raw argument string received: ['--target_type', 'rest', '-G', '/work/anythingllm_rest.json', '--probes', 'promptinject', '--generations', '1']
2026-07-28 02:16:16,218  DEBUG  args - full argparse: Namespace(verbose=0, report_prefix=None, narrow_output=False, parallel_requests=False, parallel_attempts=False, skip_unknown=False, seed=None, deprefix=True, eval_threshold=0.5, generations=1, config=None, target_type='rest', target_name=None, probes='promptinject', probe_tags=None, detectors='auto', extended_detectors=False, buffs=None, buff_option_file=None, buff_options=None, detector_option_file=None, detector_options=None, generator_option_file='/work/anythingllm_rest.json', generator_options=None, harness_option_file=None, harness_options=None, probe_option_file=None, probe_options=None, taxonomy=None, confidence_interval_method=None, bootstrap_num_iterations=None, bootstrap_confidence_level=None, bootstrap_min_sample_size=None, plugin_info=None, list_probes=False, list_detectors=False, list_generators=False, list_buffs=False, list_config=False, version=False, report=None, interactive=False, fix=False)
2026-07-28 02:16:16,776  DEBUG  no site config found at: /root/.config/garak/garak.site.json, /root/.config/garak/garak.site.yaml, or /root/.config/garak/garak.site.yml
2026-07-28 02:16:16,776  DEBUG  Loading configs from: /usr/local/lib/python3.12/site-packages/garak/resources/garak.core.yaml
2026-07-28 02:16:16,776  DEBUG  Skipping already-loaded config: /usr/local/lib/python3.12/site-packages/garak/resources/garak.core.yaml
2026-07-28 02:16:16,777  DEBUG  args - cli_args&commands stored: Namespace(target_type='rest', generator_option_file='/work/anythingllm_rest.json', probes='promptinject', generations=1, verbose=0, list_detectors=False, list_probes=False, list_generators=False, list_buffs=False, list_config=False, plugin_info=None, interactive=False, report=None, version=False, fix=False)
2026-07-28 02:16:16,777  DEBUG  non-config params: [('generator_option_file', '/work/anythingllm_rest.json'), ('probes', 'promptinject'), ('list_detectors', False), ('list_probes', False), ('list_generators', False), ('list_buffs', False), ('list_config', False), ('plugin_info', None), ('report', None), ('version', False), ('fix', False)]
2026-07-28 02:16:17,001  DEBUG  Detector metrics file not found at /root/.local/share/garak/data/detectors_eval/detector_metrics_summary.json. Using default metrics (Se=1.0, Sp=1.0).
2026-07-28 02:16:17,046  INFO  generator init: <garak.generators.rest.RestGenerator object at 0x79dd14982660>
2026-07-28 02:16:17,046  INFO  ⚠️  This run can be sped up 🥳 Generator 'REST target-anythingllm' supports parallelism! Consider using `--parallel_attempts 16` (or more) to greatly accelerate your run. 🐌
2026-07-28 02:16:17,046  INFO  run started at 2026-07-28T02:16:16.188900
2026-07-28 02:16:17,046  DEBUG  relative report dir provided
2026-07-28 02:16:17,046  INFO  reporting to /root/.local/share/garak/garak_runs/garak.8db8e658-6814-4c48-9cf4-589b1b592aaf.report.jsonl
2026-07-28 02:16:17,051  INFO  service import: garak.langservice
2026-07-28 02:16:17,364  DEBUG  nltk_data location not found using project cache location
2026-07-28 02:16:17,380  INFO  harness init: <garak.harnesses.probewise.ProbewiseHarness object at 0x79dd147ab3e0>
2026-07-28 02:16:17,380  INFO  probe queue: probes.promptinject.HijackHateHumans probes.promptinject.HijackKillHumans probes.promptinject.HijackLongPrompt
2026-07-28 02:16:17,382  INFO  probe init: <garak.probes.promptinject.HijackHateHumans object at 0x79dd13aadfd0>
2026-07-28 02:16:17,382  DEBUG  langauge provision service: en,en
2026-07-28 02:16:17,549  INFO  detector init: <garak.detectors.promptinject.AttackRogueString object at 0x79dd14086150>
2026-07-28 02:16:17,549  DEBUG  harness: probe start for garak.probes.promptinject.HijackHateHumans
2026-07-28 02:16:17,549  DEBUG  probe execute: <garak.probes.promptinject.HijackHateHumans object at 0x79dd13aadfd0>
2026-07-28 02:16:17,576  DEBUG  Starting new HTTP connection (1): target-app:3001
2026-07-28 02:16:19,974  DEBUG  http://target-app:3001 "POST /api/v1/workspace/5c70ceeb-2453-430d-9785-a0e66157fa94/chat HTTP/1.1" 200 3078
2026-07-28 02:16:19,979  DEBUG  Starting new HTTP connection (1): target-app:3001
2026-07-28 02:16:22,068  DEBUG  http://target-app:3001 "POST /api/v1/workspace/5c70ceeb-2453-430d-9785-a0e66157fa94/chat HTTP/1.1" 200 2289
2026-07-28 02:16:22,073  DEBUG  Starting new HTTP connection (1): target-app:3001
2026-07-28 02:16:23,624  DEBUG  http://target-app:3001 "POST /api/v1/workspace/5c70ceeb-2453-430d-9785-a0e66157fa94/chat HTTP/1.1" 200 3094
2026-07-28 02:16:23,628  DEBUG  Starting new HTTP connection (1): target-app:3001
2026-07-28 02:16:24,975  DEBUG  http://target-app:3001 "POST /api/v1/workspace/5c70ceeb-2453-430d-9785-a0e66157fa94/chat HTTP/1.1" 200 2722
2026-07-28 02:16:24,980  DEBUG  Starting new HTTP connection (1): target-app:3001
2026-07-28 02:16:26,380  DEBUG  http://target-app:3001 "POST /api/v1/workspace/5c70ceeb-2453-430d-9785-a0e66157fa94/chat HTTP/1.1" 200 3553
2026-07-28 02:16:26,385  DEBUG  Starting new HTTP connection (1): target-app:3001
2026-07-28 02:16:27,845  DEBUG  http://target-app:3001 "POST /api/v1/workspace/5c70ceeb-2453-430d-9785-a0e66157fa94/chat HTTP/1.1" 200 2737
2026-07-28 02:16:27,855  DEBUG  Starting new HTTP connection (1): target-app:3001
2026-07-28 02:16:29,614  DEBUG  http://target-app:3001 "POST /api/v1/workspace/5c70ceeb-2453-430d-9785-a0e66157fa94/chat HTTP/1.1" 200 2738
2026-07-28 02:16:29,619  DEBUG  Starting new HTTP connection (1): target-app:3001
2026-07-28 02:16:31,057  DEBUG  http://target-app:3001 "POST /api/v1/workspace/5c70ceeb-2453-430d-9785-a0e66157fa94/chat HTTP/1.1" 200 2721
2026-07-28 02:16:31,066  DEBUG  Starting new HTTP connection (1): target-app:3001
2026-07-28 02:16:32,701  DEBUG  http://target-app:3001 "POST /api/v1/workspace/5c70ceeb-2453-430d-9785-a0e66157fa94/chat HTTP/1.1" 200 3096
2026-07-28 02:16:32,706  DEBUG  Starting new HTTP connection (1): target-app:3001
2026-07-28 02:16:34,104  DEBUG  http://target-app:3001 "POST /api/v1/workspace/5c70ceeb-2453-430d-9785-a0e66157fa94/chat HTTP/1.1" 200 3096
2026-07-28 02:16:34,110  DEBUG  Starting new HTTP connection (1): target-app:3001
2026-07-28 02:16:35,947  DEBUG  http://target-app:3001 "POST /api/v1/workspace/5c70ceeb-2453-430d-9785-a0e66157fa94/chat HTTP/1.1" 200 3096
2026-07-28 02:16:35,951  DEBUG  Starting new HTTP connection (1): target-app:3001
2026-07-28 02:16:37,416  DEBUG  http://target-app:3001 "POST /api/v1/workspace/5c70ceeb-2453-430d-9785-a0e66157fa94/chat HTTP/1.1" 200 3553
2026-07-28 02:16:37,422  DEBUG  Starting new HTTP connection (1): target-app:3001
2026-07-28 02:16:38,779  DEBUG  http://target-app:3001 "POST /api/v1/workspace/5c70ceeb-2453-430d-9785-a0e66157fa94/chat HTTP/1.1" 200 2263
2026-07-28 02:16:38,784  DEBUG  Starting new HTTP connection (1): target-app:3001
2026-07-28 02:16:40,290  DEBUG  http://target-app:3001 "POST /api/v1/workspace/5c70ceeb-2453-430d-9785-a0e66157fa94/chat HTTP/1.1" 200 3094
2026-07-28 02:16:40,295  DEBUG  Starting new HTTP connection (1): target-app:3001
2026-07-28 02:16:41,952  DEBUG  http://target-app:3001 "POST /api/v1/workspace/5c70ceeb-2453-430d-9785-a0e66157fa94/chat HTTP/1.1" 200 2736
2026-07-28 02:16:41,958  DEBUG  Starting new HTTP connection (1): target-app:3001
2026-07-28 02:16:43,713  DEBUG  http://target-app:3001 "POST /api/v1/workspace/5c70ceeb-2453-430d-9785-a0e66157fa94/chat HTTP/1.1" 200 3552
2026-07-28 02:16:43,721  DEBUG  Starting new HTTP connection (1): target-app:3001
2026-07-28 02:16:45,027  DEBUG  http://target-app:3001 "POST /api/v1/workspace/5c70ceeb-2453-430d-9785-a0e66157fa94/chat HTTP/1.1" 200 2262
2026-07-28 02:16:45,034  DEBUG  Starting new HTTP connection (1): target-app:3001
2026-07-28 02:16:46,482  DEBUG  http://target-app:3001 "POST /api/v1/workspace/5c70ceeb-2453-430d-9785-a0e66157fa94/chat HTTP/1.1" 200 3552
2026-07-28 02:16:46,486  DEBUG  Starting new HTTP connection (1): target-app:3001
2026-07-28 02:16:47,750  DEBUG  http://target-app:3001 "POST /api/v1/workspace/5c70ceeb-2453-430d-9785-a0e66157fa94/chat HTTP/1.1" 200 3080
2026-07-28 02:16:47,754  DEBUG  Starting new HTTP connection (1): target-app:3001
2026-07-28 02:16:48,948  DEBUG  http://target-app:3001 "POST /api/v1/workspace/5c70ceeb-2453-430d-9785-a0e66157fa94/chat HTTP/1.1" 200 2263
2026-07-28 02:16:48,955  DEBUG  Starting new HTTP connection (1): target-app:3001
2026-07-28 02:16:50,710  DEBUG  http://target-app:3001 "POST /api/v1/workspace/5c70ceeb-2453-430d-9785-a0e66157fa94/chat HTTP/1.1" 200 2288
2026-07-28 02:16:50,716  DEBUG  Starting new HTTP connection (1): target-app:3001
2026-07-28 02:16:52,385  DEBUG  http://target-app:3001 "POST /api/v1/workspace/5c70ceeb-2453-430d-9785-a0e66157fa94/chat HTTP/1.1" 200 2328
2026-07-28 02:16:52,391  DEBUG  Starting new HTTP connection (1): target-app:3001
2026-07-28 02:16:54,527  DEBUG  http://target-app:3001 "POST /api/v1/workspace/5c70ceeb-2453-430d-9785-a0e66157fa94/chat HTTP/1.1" 200 2785
2026-07-28 02:16:54,532  DEBUG  Starting new HTTP connection (1): target-app:3001
2026-07-28 02:17:00,253  DEBUG  http://target-app:3001 "POST /api/v1/workspace/5c70ceeb-2453-430d-9785-a0e66157fa94/chat HTTP/1.1" 200 3552
2026-07-28 02:17:00,260  DEBUG  Starting new HTTP connection (1): target-app:3001
2026-07-28 02:17:04,233  DEBUG  http://target-app:3001 "POST /api/v1/workspace/5c70ceeb-2453-430d-9785-a0e66157fa94/chat HTTP/1.1" 200 2783
2026-07-28 02:17:04,239  DEBUG  Starting new HTTP connection (1): target-app:3001
2026-07-28 02:17:07,502  DEBUG  http://target-app:3001 "POST /api/v1/workspace/5c70ceeb-2453-430d-9785-a0e66157fa94/chat HTTP/1.1" 200 3096
2026-07-28 02:17:07,513  DEBUG  Starting new HTTP connection (1): target-app:3001
2026-07-28 02:17:08,766  DEBUG  http://target-app:3001 "POST /api/v1/workspace/5c70ceeb-2453-430d-9785-a0e66157fa94/chat HTTP/1.1" 200 2738
2026-07-28 02:17:08,771  DEBUG  Starting new HTTP connection (1): target-app:3001
2026-07-28 02:17:10,024  DEBUG  http://target-app:3001 "POST /api/v1/workspace/5c70ceeb-2453-430d-9785-a0e66157fa94/chat HTTP/1.1" 200 3105
2026-07-28 02:17:10,029  DEBUG  Starting new HTTP connection (1): target-app:3001
2026-07-28 02:17:11,326  DEBUG  http://target-app:3001 "POST /api/v1/workspace/5c70ceeb-2453-430d-9785-a0e66157fa94/chat HTTP/1.1" 200 3096
2026-07-28 02:17:11,330  DEBUG  Starting new HTTP connection (1): target-app:3001
2026-07-28 02:17:12,828  DEBUG  http://target-app:3001 "POST /api/v1/workspace/5c70ceeb-2453-430d-9785-a0e66157fa94/chat HTTP/1.1" 200 3095
2026-07-28 02:17:12,833  DEBUG  Starting new HTTP connection (1): target-app:3001
2026-07-28 02:17:14,064  DEBUG  http://target-app:3001 "POST /api/v1/workspace/5c70ceeb-2453-430d-9785-a0e66157fa94/chat HTTP/1.1" 200 3079
2026-07-28 02:17:14,068  DEBUG  Starting new HTTP connection (1): target-app:3001
2026-07-28 02:17:17,100  DEBUG  http://target-app:3001 "POST /api/v1/workspace/5c70ceeb-2453-430d-9785-a0e66157fa94/chat HTTP/1.1" 200 3554
2026-07-28 02:17:17,111  DEBUG  Starting new HTTP connection (1): target-app:3001
2026-07-28 02:17:26,842  DEBUG  http://target-app:3001 "POST /api/v1/workspace/5c70ceeb-2453-430d-9785-a0e66157fa94/chat HTTP/1.1" 200 3094
2026-07-28 02:17:26,852  DEBUG  Starting new HTTP connection (1): target-app:3001
2026-07-28 02:17:30,965  DEBUG  http://target-app:3001 "POST /api/v1/workspace/5c70ceeb-2453-430d-9785-a0e66157fa94/chat HTTP/1.1" 200 3093
2026-07-28 02:17:30,979  DEBUG  Starting new HTTP connection (1): target-app:3001
2026-07-28 02:17:46,373  DEBUG  http://target-app:3001 "POST /api/v1/workspace/5c70ceeb-2453-430d-9785-a0e66157fa94/chat HTTP/1.1" 200 3095
2026-07-28 02:17:46,387  DEBUG  Starting new HTTP connection (1): target-app:3001
2026-07-28 02:17:48,566  DEBUG  http://target-app:3001 "POST /api/v1/workspace/5c70ceeb-2453-430d-9785-a0e66157fa94/chat HTTP/1.1" 200 3553
2026-07-28 02:17:48,574  DEBUG  Starting new HTTP connection (1): target-app:3001
2026-07-28 02:17:50,590  DEBUG  http://target-app:3001 "POST /api/v1/workspace/5c70ceeb-2453-430d-9785-a0e66157fa94/chat HTTP/1.1" 200 3553
2026-07-28 02:17:50,612  DEBUG  Starting new HTTP connection (1): target-app:3001
2026-07-28 02:17:53,616  DEBUG  http://target-app:3001 "POST /api/v1/workspace/5c70ceeb-2453-430d-9785-a0e66157fa94/chat HTTP/1.1" 200 3554
2026-07-28 02:17:53,622  DEBUG  Starting new HTTP connection (1): target-app:3001
2026-07-28 02:17:55,680  DEBUG  http://target-app:3001 "POST /api/v1/workspace/5c70ceeb-2453-430d-9785-a0e66157fa94/chat HTTP/1.1" 200 2265
2026-07-28 02:17:55,687  DEBUG  Starting new HTTP connection (1): target-app:3001
2026-07-28 02:17:58,287  DEBUG  http://target-app:3001 "POST /api/v1/workspace/5c70ceeb-2453-430d-9785-a0e66157fa94/chat HTTP/1.1" 200 3096
2026-07-28 02:17:58,292  DEBUG  Starting new HTTP connection (1): target-app:3001
2026-07-28 02:18:00,583  DEBUG  http://target-app:3001 "POST /api/v1/workspace/5c70ceeb-2453-430d-9785-a0e66157fa94/chat HTTP/1.1" 200 2430
2026-07-28 02:18:00,589  DEBUG  Starting new HTTP connection (1): target-app:3001
2026-07-28 02:18:03,424  DEBUG  http://target-app:3001 "POST /api/v1/workspace/5c70ceeb-2453-430d-9785-a0e66157fa94/chat HTTP/1.1" 200 2324
2026-07-28 02:18:03,433  DEBUG  Starting new HTTP connection (1): target-app:3001
2026-07-28 02:18:15,425  DEBUG  http://target-app:3001 "POST /api/v1/workspace/5c70ceeb-2453-430d-9785-a0e66157fa94/chat HTTP/1.1" 200 2850
2026-07-28 02:18:15,431  DEBUG  Starting new HTTP connection (1): target-app:3001
2026-07-28 02:18:20,977  DEBUG  http://target-app:3001 "POST /api/v1/workspace/5c70ceeb-2453-430d-9785-a0e66157fa94/chat HTTP/1.1" 200 3095
2026-07-28 02:18:20,992  DEBUG  Starting new HTTP connection (1): target-app:3001
2026-07-28 02:18:23,734  DEBUG  http://target-app:3001 "POST /api/v1/workspace/5c70ceeb-2453-430d-9785-a0e66157fa94/chat HTTP/1.1" 200 3096
2026-07-28 02:18:23,741  DEBUG  Starting new HTTP connection (1): target-app:3001
2026-07-28 02:18:28,401  DEBUG  http://target-app:3001 "POST /api/v1/workspace/5c70ceeb-2453-430d-9785-a0e66157fa94/chat HTTP/1.1" 200 2509
2026-07-28 02:18:28,414  DEBUG  Starting new HTTP connection (1): target-app:3001
2026-07-28 02:18:43,184  DEBUG  http://target-app:3001 "POST /api/v1/workspace/5c70ceeb-2453-430d-9785-a0e66157fa94/chat HTTP/1.1" 200 3093
2026-07-28 02:18:43,191  DEBUG  Starting new HTTP connection (1): target-app:3001
2026-07-28 02:18:47,210  DEBUG  http://target-app:3001 "POST /api/v1/workspace/5c70ceeb-2453-430d-9785-a0e66157fa94/chat HTTP/1.1" 200 2324
2026-07-28 02:18:47,218  DEBUG  Starting new HTTP connection (1): target-app:3001
2026-07-28 02:18:56,175  DEBUG  http://target-app:3001 "POST /api/v1/workspace/5c70ceeb-2453-430d-9785-a0e66157fa94/chat HTTP/1.1" 200 2928
2026-07-28 02:18:56,187  DEBUG  Starting new HTTP connection (1): target-app:3001
2026-07-28 02:19:10,668  DEBUG  http://target-app:3001 "POST /api/v1/workspace/5c70ceeb-2453-430d-9785-a0e66157fa94/chat HTTP/1.1" 200 2431
2026-07-28 02:19:10,672  DEBUG  Starting new HTTP connection (1): target-app:3001
2026-07-28 02:19:18,718  DEBUG  http://target-app:3001 "POST /api/v1/workspace/5c70ceeb-2453-430d-9785-a0e66157fa94/chat HTTP/1.1" 200 3553
2026-07-28 02:19:18,725  DEBUG  Starting new HTTP connection (1): target-app:3001
2026-07-28 02:19:22,356  DEBUG  http://target-app:3001 "POST /api/v1/workspace/5c70ceeb-2453-430d-9785-a0e66157fa94/chat HTTP/1.1" 200 3095
2026-07-28 02:19:22,361  DEBUG  Starting new HTTP connection (1): target-app:3001
2026-07-28 02:19:26,577  DEBUG  http://target-app:3001 "POST /api/v1/workspace/5c70ceeb-2453-430d-9785-a0e66157fa94/chat HTTP/1.1" 200 3078
2026-07-28 02:19:26,583  DEBUG  Starting new HTTP connection (1): target-app:3001
2026-07-28 02:19:30,319  DEBUG  http://target-app:3001 "POST /api/v1/workspace/5c70ceeb-2453-430d-9785-a0e66157fa94/chat HTTP/1.1" 200 3079
2026-07-28 02:19:30,330  DEBUG  Starting new HTTP connection (1): target-app:3001
2026-07-28 02:19:39,548  DEBUG  http://target-app:3001 "POST /api/v1/workspace/5c70ceeb-2453-430d-9785-a0e66157fa94/chat HTTP/1.1" 200 2257
2026-07-28 02:19:39,560  DEBUG  Starting new HTTP connection (1): target-app:3001
2026-07-28 02:19:43,311  DEBUG  http://target-app:3001 "POST /api/v1/workspace/5c70ceeb-2453-430d-9785-a0e66157fa94/chat HTTP/1.1" 200 3552
2026-07-28 02:19:43,317  DEBUG  Starting new HTTP connection (1): target-app:3001
2026-07-28 02:19:56,087  DEBUG  http://target-app:3001 "POST /api/v1/workspace/5c70ceeb-2453-430d-9785-a0e66157fa94/chat HTTP/1.1" 200 5366
2026-07-28 02:19:56,097  DEBUG  Starting new HTTP connection (1): target-app:3001
2026-07-28 02:20:00,270  DEBUG  http://target-app:3001 "POST /api/v1/workspace/5c70ceeb-2453-430d-9785-a0e66157fa94/chat HTTP/1.1" 200 2754
2026-07-28 02:20:01,611  DEBUG  Starting new HTTP connection (1): target-app:3001
2026-07-28 02:20:10,554  DEBUG  http://target-app:3001 "POST /api/v1/workspace/5c70ceeb-2453-430d-9785-a0e66157fa94/chat HTTP/1.1" 200 3078
2026-07-28 02:20:10,559  DEBUG  Starting new HTTP connection (1): target-app:3001
2026-07-28 02:20:19,574  DEBUG  http://target-app:3001 "POST /api/v1/workspace/5c70ceeb-2453-430d-9785-a0e66157fa94/chat HTTP/1.1" 200 3711
2026-07-28 02:20:19,580  DEBUG  Starting new HTTP connection (1): target-app:3001
2026-07-28 02:20:37,539  DEBUG  http://target-app:3001 "POST /api/v1/workspace/5c70ceeb-2453-430d-9785-a0e66157fa94/chat HTTP/1.1" 200 2509
2026-07-28 02:20:37,544  DEBUG  Starting new HTTP connection (1): target-app:3001
2026-07-28 02:20:46,179  DEBUG  http://target-app:3001 "POST /api/v1/workspace/5c70ceeb-2453-430d-9785-a0e66157fa94/chat HTTP/1.1" 200 3095
2026-07-28 02:20:46,183  DEBUG  Starting new HTTP connection (1): target-app:3001
2026-07-28 02:20:56,579  DEBUG  http://target-app:3001 "POST /api/v1/workspace/5c70ceeb-2453-430d-9785-a0e66157fa94/chat HTTP/1.1" 200 3552
2026-07-28 02:20:56,587  DEBUG  Starting new HTTP connection (1): target-app:3001
2026-07-28 02:21:03,312  DEBUG  http://target-app:3001 "POST /api/v1/workspace/5c70ceeb-2453-430d-9785-a0e66157fa94/chat HTTP/1.1" 200 3553
2026-07-28 02:21:03,316  DEBUG  Starting new HTTP connection (1): target-app:3001
2026-07-28 02:21:08,191  DEBUG  http://target-app:3001 "POST /api/v1/workspace/5c70ceeb-2453-430d-9785-a0e66157fa94/chat HTTP/1.1" 200 3080
2026-07-28 02:21:08,196  DEBUG  Starting new HTTP connection (1): target-app:3001
2026-07-28 02:21:11,899  DEBUG  http://target-app:3001 "POST /api/v1/workspace/5c70ceeb-2453-430d-9785-a0e66157fa94/chat HTTP/1.1" 200 2445
2026-07-28 02:21:11,906  DEBUG  Starting new HTTP connection (1): target-app:3001
2026-07-28 02:21:21,454  DEBUG  http://target-app:3001 "POST /api/v1/workspace/5c70ceeb-2453-430d-9785-a0e66157fa94/chat HTTP/1.1" 200 3096
2026-07-28 02:21:21,460  DEBUG  Starting new HTTP connection (1): target-app:3001
2026-07-28 02:21:33,980  DEBUG  http://target-app:3001 "POST /api/v1/workspace/5c70ceeb-2453-430d-9785-a0e66157fa94/chat HTTP/1.1" 200 2327
2026-07-28 02:21:33,990  DEBUG  Starting new HTTP connection (1): target-app:3001
2026-07-28 02:21:49,443  DEBUG  http://target-app:3001 "POST /api/v1/workspace/5c70ceeb-2453-430d-9785-a0e66157fa94/chat HTTP/1.1" 200 2785
2026-07-28 02:21:49,499  DEBUG  Starting new HTTP connection (1): target-app:3001
2026-07-28 02:22:17,400  DEBUG  http://target-app:3001 "POST /api/v1/workspace/5c70ceeb-2453-430d-9785-a0e66157fa94/chat HTTP/1.1" 200 3095
2026-07-28 02:22:17,436  DEBUG  Starting new HTTP connection (1): target-app:3001
2026-07-28 02:22:21,425  DEBUG  http://target-app:3001 "POST /api/v1/workspace/5c70ceeb-2453-430d-9785-a0e66157fa94/chat HTTP/1.1" 200 3552
2026-07-28 02:22:21,459  DEBUG  Starting new HTTP connection (1): target-app:3001
2026-07-28 02:22:30,635  DEBUG  http://target-app:3001 "POST /api/v1/workspace/5c70ceeb-2453-430d-9785-a0e66157fa94/chat HTTP/1.1" 200 3097
2026-07-28 02:22:30,644  DEBUG  Starting new HTTP connection (1): target-app:3001
2026-07-28 02:22:38,648  DEBUG  http://target-app:3001 "POST /api/v1/workspace/5c70ceeb-2453-430d-9785-a0e66157fa94/chat HTTP/1.1" 200 2264
2026-07-28 02:22:38,658  DEBUG  Starting new HTTP connection (1): target-app:3001
2026-07-28 02:22:45,185  DEBUG  http://target-app:3001 "POST /api/v1/workspace/5c70ceeb-2453-430d-9785-a0e66157fa94/chat HTTP/1.1" 200 2783
2026-07-28 02:22:45,198  DEBUG  Starting new HTTP connection (1): target-app:3001
2026-07-28 02:22:48,536  DEBUG  http://target-app:3001 "POST /api/v1/workspace/5c70ceeb-2453-430d-9785-a0e66157fa94/chat HTTP/1.1" 200 2783
2026-07-28 02:22:48,542  DEBUG  Starting new HTTP connection (1): target-app:3001
2026-07-28 02:22:59,214  DEBUG  http://target-app:3001 "POST /api/v1/workspace/5c70ceeb-2453-430d-9785-a0e66157fa94/chat HTTP/1.1" 200 3096
2026-07-28 02:22:59,222  DEBUG  Starting new HTTP connection (1): target-app:3001
2026-07-28 02:23:06,357  DEBUG  http://target-app:3001 "POST /api/v1/workspace/5c70ceeb-2453-430d-9785-a0e66157fa94/chat HTTP/1.1" 200 3078
2026-07-28 02:23:06,394  DEBUG  Starting new HTTP connection (1): target-app:3001
2026-07-28 02:23:13,776  DEBUG  http://target-app:3001 "POST /api/v1/workspace/5c70ceeb-2453-430d-9785-a0e66157fa94/chat HTTP/1.1" 200 3096
2026-07-28 02:23:13,788  DEBUG  Starting new HTTP connection (1): target-app:3001
2026-07-28 02:23:38,474  DEBUG  http://target-app:3001 "POST /api/v1/workspace/5c70ceeb-2453-430d-9785-a0e66157fa94/chat HTTP/1.1" 200 2927
2026-07-28 02:23:38,499  DEBUG  Starting new HTTP connection (1): target-app:3001
2026-07-28 02:23:48,592  DEBUG  http://target-app:3001 "POST /api/v1/workspace/5c70ceeb-2453-430d-9785-a0e66157fa94/chat HTTP/1.1" 200 3096
2026-07-28 02:23:48,601  DEBUG  Starting new HTTP connection (1): target-app:3001
2026-07-28 02:23:50,570  DEBUG  http://target-app:3001 "POST /api/v1/workspace/5c70ceeb-2453-430d-9785-a0e66157fa94/chat HTTP/1.1" 200 3553
2026-07-28 02:23:50,578  DEBUG  Starting new HTTP connection (1): target-app:3001
2026-07-28 02:23:52,659  DEBUG  http://target-app:3001 "POST /api/v1/workspace/5c70ceeb-2453-430d-9785-a0e66157fa94/chat HTTP/1.1" 200 2967
2026-07-28 02:23:52,677  DEBUG  Starting new HTTP connection (1): target-app:3001
2026-07-28 02:23:58,875  DEBUG  http://target-app:3001 "POST /api/v1/workspace/5c70ceeb-2453-430d-9785-a0e66157fa94/chat HTTP/1.1" 200 2736
2026-07-28 02:23:58,896  DEBUG  Starting new HTTP connection (1): target-app:3001
2026-07-28 02:24:06,617  DEBUG  http://target-app:3001 "POST /api/v1/workspace/5c70ceeb-2453-430d-9785-a0e66157fa94/chat HTTP/1.1" 200 2784
2026-07-28 02:24:06,628  DEBUG  Starting new HTTP connection (1): target-app:3001
2026-07-28 02:24:09,855  DEBUG  http://target-app:3001 "POST /api/v1/workspace/5c70ceeb-2453-430d-9785-a0e66157fa94/chat HTTP/1.1" 200 2926
2026-07-28 02:24:09,874  DEBUG  Starting new HTTP connection (1): target-app:3001
2026-07-28 02:24:11,473  DEBUG  http://target-app:3001 "POST /api/v1/workspace/5c70ceeb-2453-430d-9785-a0e66157fa94/chat HTTP/1.1" 200 2738
2026-07-28 02:24:11,479  DEBUG  Starting new HTTP connection (1): target-app:3001
2026-07-28 02:24:13,743  DEBUG  http://target-app:3001 "POST /api/v1/workspace/5c70ceeb-2453-430d-9785-a0e66157fa94/chat HTTP/1.1" 200 3096
2026-07-28 02:24:13,750  DEBUG  Starting new HTTP connection (1): target-app:3001
2026-07-28 02:24:15,613  DEBUG  http://target-app:3001 "POST /api/v1/workspace/5c70ceeb-2453-430d-9785-a0e66157fa94/chat HTTP/1.1" 200 2928
2026-07-28 02:24:15,620  DEBUG  Starting new HTTP connection (1): target-app:3001
2026-07-28 02:24:18,266  DEBUG  http://target-app:3001 "POST /api/v1/workspace/5c70ceeb-2453-430d-9785-a0e66157fa94/chat HTTP/1.1" 200 3552
2026-07-28 02:24:18,276  DEBUG  Starting new HTTP connection (1): target-app:3001
2026-07-28 02:24:20,853  DEBUG  http://target-app:3001 "POST /api/v1/workspace/5c70ceeb-2453-430d-9785-a0e66157fa94/chat HTTP/1.1" 200 3094
2026-07-28 02:24:21,207  DEBUG  Starting new HTTP connection (1): target-app:3001
2026-07-28 02:24:25,364  DEBUG  http://target-app:3001 "POST /api/v1/workspace/5c70ceeb-2453-430d-9785-a0e66157fa94/chat HTTP/1.1" 200 2445
2026-07-28 02:24:25,383  DEBUG  Starting new HTTP connection (1): target-app:3001
2026-07-28 02:24:31,935  DEBUG  http://target-app:3001 "POST /api/v1/workspace/5c70ceeb-2453-430d-9785-a0e66157fa94/chat HTTP/1.1" 200 2326
2026-07-28 02:24:31,952  DEBUG  Starting new HTTP connection (1): target-app:3001
2026-07-28 02:24:39,873  DEBUG  http://target-app:3001 "POST /api/v1/workspace/5c70ceeb-2453-430d-9785-a0e66157fa94/chat HTTP/1.1" 200 3097
2026-07-28 02:24:39,881  DEBUG  Starting new HTTP connection (1): target-app:3001
2026-07-28 02:24:41,538  DEBUG  http://target-app:3001 "POST /api/v1/workspace/5c70ceeb-2453-430d-9785-a0e66157fa94/chat HTTP/1.1" 200 3096
2026-07-28 02:24:41,545  DEBUG  Starting new HTTP connection (1): target-app:3001
2026-07-28 02:24:50,390  DEBUG  http://target-app:3001 "POST /api/v1/workspace/5c70ceeb-2453-430d-9785-a0e66157fa94/chat HTTP/1.1" 200 2737
2026-07-28 02:24:50,396  DEBUG  Starting new HTTP connection (1): target-app:3001
2026-07-28 02:24:52,168  DEBUG  http://target-app:3001 "POST /api/v1/workspace/5c70ceeb-2453-430d-9785-a0e66157fa94/chat HTTP/1.1" 200 2737
2026-07-28 02:24:52,173  DEBUG  Starting new HTTP connection (1): target-app:3001
2026-07-28 02:24:59,127  DEBUG  http://target-app:3001 "POST /api/v1/workspace/5c70ceeb-2453-430d-9785-a0e66157fa94/chat HTTP/1.1" 200 3552
2026-07-28 02:24:59,136  DEBUG  Starting new HTTP connection (1): target-app:3001
2026-07-28 02:25:01,409  DEBUG  http://target-app:3001 "POST /api/v1/workspace/5c70ceeb-2453-430d-9785-a0e66157fa94/chat HTTP/1.1" 200 2329
2026-07-28 02:25:01,415  DEBUG  Starting new HTTP connection (1): target-app:3001
2026-07-28 02:25:03,047  DEBUG  http://target-app:3001 "POST /api/v1/workspace/5c70ceeb-2453-430d-9785-a0e66157fa94/chat HTTP/1.1" 200 2289
2026-07-28 02:25:03,053  DEBUG  Starting new HTTP connection (1): target-app:3001
2026-07-28 02:25:11,302  DEBUG  http://target-app:3001 "POST /api/v1/workspace/5c70ceeb-2453-430d-9785-a0e66157fa94/chat HTTP/1.1" 200 2901
2026-07-28 02:25:11,312  DEBUG  Starting new HTTP connection (1): target-app:3001
2026-07-28 02:25:17,252  DEBUG  http://target-app:3001 "POST /api/v1/workspace/5c70ceeb-2453-430d-9785-a0e66157fa94/chat HTTP/1.1" 200 3550
2026-07-28 02:25:17,332  DEBUG  Starting new HTTP connection (1): target-app:3001
2026-07-28 02:25:19,747  DEBUG  http://target-app:3001 "POST /api/v1/workspace/5c70ceeb-2453-430d-9785-a0e66157fa94/chat HTTP/1.1" 200 3552
2026-07-28 02:25:19,756  DEBUG  Starting new HTTP connection (1): target-app:3001
2026-07-28 02:25:35,653  DEBUG  http://target-app:3001 "POST /api/v1/workspace/5c70ceeb-2453-430d-9785-a0e66157fa94/chat HTTP/1.1" 200 3094
2026-07-28 02:25:35,712  DEBUG  Starting new HTTP connection (1): target-app:3001
2026-07-28 02:25:39,361  DEBUG  http://target-app:3001 "POST /api/v1/workspace/5c70ceeb-2453-430d-9785-a0e66157fa94/chat HTTP/1.1" 200 3092
2026-07-28 02:25:39,371  DEBUG  Starting new HTTP connection (1): target-app:3001
2026-07-28 02:26:08,316  DEBUG  http://target-app:3001 "POST /api/v1/workspace/5c70ceeb-2453-430d-9785-a0e66157fa94/chat HTTP/1.1" 200 2968
2026-07-28 02:26:08,322  DEBUG  Starting new HTTP connection (1): target-app:3001
2026-07-28 02:26:15,972  DEBUG  http://target-app:3001 "POST /api/v1/workspace/5c70ceeb-2453-430d-9785-a0e66157fa94/chat HTTP/1.1" 200 2737
2026-07-28 02:26:15,988  DEBUG  Starting new HTTP connection (1): target-app:3001
2026-07-28 02:26:19,428  DEBUG  http://target-app:3001 "POST /api/v1/workspace/5c70ceeb-2453-430d-9785-a0e66157fa94/chat HTTP/1.1" 200 3552
2026-07-28 02:26:19,433  DEBUG  Starting new HTTP connection (1): target-app:3001
2026-07-28 02:26:32,248  DEBUG  http://target-app:3001 "POST /api/v1/workspace/5c70ceeb-2453-430d-9785-a0e66157fa94/chat HTTP/1.1" 200 2784
2026-07-28 02:26:32,255  DEBUG  Starting new HTTP connection (1): target-app:3001
2026-07-28 02:26:36,878  DEBUG  http://target-app:3001 "POST /api/v1/workspace/5c70ceeb-2453-430d-9785-a0e66157fa94/chat HTTP/1.1" 200 2327
2026-07-28 02:26:36,887  DEBUG  Starting new HTTP connection (1): target-app:3001
2026-07-28 02:26:46,217  DEBUG  http://target-app:3001 "POST /api/v1/workspace/5c70ceeb-2453-430d-9785-a0e66157fa94/chat HTTP/1.1" 200 3095
2026-07-28 02:26:46,224  DEBUG  Starting new HTTP connection (1): target-app:3001
2026-07-28 02:26:48,250  DEBUG  http://target-app:3001 "POST /api/v1/workspace/5c70ceeb-2453-430d-9785-a0e66157fa94/chat HTTP/1.1" 200 2290
2026-07-28 02:26:48,257  DEBUG  Starting new HTTP connection (1): target-app:3001
2026-07-28 02:26:55,105  DEBUG  http://target-app:3001 "POST /api/v1/workspace/5c70ceeb-2453-430d-9785-a0e66157fa94/chat HTTP/1.1" 200 3552
2026-07-28 02:26:55,217  DEBUG  Starting new HTTP connection (1): target-app:3001
2026-07-28 02:27:00,392  DEBUG  http://target-app:3001 "POST /api/v1/workspace/5c70ceeb-2453-430d-9785-a0e66157fa94/chat HTTP/1.1" 200 2737
2026-07-28 02:27:00,407  DEBUG  Starting new HTTP connection (1): target-app:3001
2026-07-28 02:27:06,816  DEBUG  http://target-app:3001 "POST /api/v1/workspace/5c70ceeb-2453-430d-9785-a0e66157fa94/chat HTTP/1.1" 200 2783
2026-07-28 02:27:06,824  DEBUG  Starting new HTTP connection (1): target-app:3001
2026-07-28 02:27:10,893  DEBUG  http://target-app:3001 "POST /api/v1/workspace/5c70ceeb-2453-430d-9785-a0e66157fa94/chat HTTP/1.1" 200 3552
2026-07-28 02:27:10,900  DEBUG  Starting new HTTP connection (1): target-app:3001
2026-07-28 02:27:14,068  DEBUG  http://target-app:3001 "POST /api/v1/workspace/5c70ceeb-2453-430d-9785-a0e66157fa94/chat HTTP/1.1" 200 3077
2026-07-28 02:27:14,074  DEBUG  Starting new HTTP connection (1): target-app:3001
2026-07-28 02:27:21,128  DEBUG  http://target-app:3001 "POST /api/v1/workspace/5c70ceeb-2453-430d-9785-a0e66157fa94/chat HTTP/1.1" 200 2264
2026-07-28 02:27:21,136  DEBUG  Starting new HTTP connection (1): target-app:3001
2026-07-28 02:27:36,783  DEBUG  http://target-app:3001 "POST /api/v1/workspace/5c70ceeb-2453-430d-9785-a0e66157fa94/chat HTTP/1.1" 200 2719
2026-07-28 02:27:36,791  DEBUG  Starting new HTTP connection (1): target-app:3001
2026-07-28 02:27:45,449  DEBUG  http://target-app:3001 "POST /api/v1/workspace/5c70ceeb-2453-430d-9785-a0e66157fa94/chat HTTP/1.1" 200 2784
2026-07-28 02:27:45,482  DEBUG  Starting new HTTP connection (1): target-app:3001
2026-07-28 02:27:53,147  DEBUG  http://target-app:3001 "POST /api/v1/workspace/5c70ceeb-2453-430d-9785-a0e66157fa94/chat HTTP/1.1" 200 3097
2026-07-28 02:27:53,152  DEBUG  Starting new HTTP connection (1): target-app:3001
2026-07-28 02:27:59,101  DEBUG  http://target-app:3001 "POST /api/v1/workspace/5c70ceeb-2453-430d-9785-a0e66157fa94/chat HTTP/1.1" 200 2784
2026-07-28 02:27:59,107  DEBUG  Starting new HTTP connection (1): target-app:3001
2026-07-28 02:28:00,831  DEBUG  http://target-app:3001 "POST /api/v1/workspace/5c70ceeb-2453-430d-9785-a0e66157fa94/chat HTTP/1.1" 200 3552
2026-07-28 02:28:00,836  DEBUG  Starting new HTTP connection (1): target-app:3001
2026-07-28 02:28:04,304  DEBUG  http://target-app:3001 "POST /api/v1/workspace/5c70ceeb-2453-430d-9785-a0e66157fa94/chat HTTP/1.1" 200 2737
2026-07-28 02:28:04,310  DEBUG  Starting new HTTP connection (1): target-app:3001
2026-07-28 02:28:07,904  DEBUG  http://target-app:3001 "POST /api/v1/workspace/5c70ceeb-2453-430d-9785-a0e66157fa94/chat HTTP/1.1" 200 3105
2026-07-28 02:28:07,910  DEBUG  Starting new HTTP connection (1): target-app:3001
2026-07-28 02:28:10,002  DEBUG  http://target-app:3001 "POST /api/v1/workspace/5c70ceeb-2453-430d-9785-a0e66157fa94/chat HTTP/1.1" 200 3552
2026-07-28 02:28:10,013  DEBUG  Starting new HTTP connection (1): target-app:3001
2026-07-28 02:28:15,825  DEBUG  http://target-app:3001 "POST /api/v1/workspace/5c70ceeb-2453-430d-9785-a0e66157fa94/chat HTTP/1.1" 200 3100
2026-07-28 02:28:15,831  DEBUG  Starting new HTTP connection (1): target-app:3001
2026-07-28 02:28:19,415  DEBUG  http://target-app:3001 "POST /api/v1/workspace/5c70ceeb-2453-430d-9785-a0e66157fa94/chat HTTP/1.1" 200 2720
2026-07-28 02:28:19,422  DEBUG  Starting new HTTP connection (1): target-app:3001
2026-07-28 02:28:23,344  DEBUG  http://target-app:3001 "POST /api/v1/workspace/5c70ceeb-2453-430d-9785-a0e66157fa94/chat HTTP/1.1" 200 2326
2026-07-28 02:28:23,351  DEBUG  Starting new HTTP connection (1): target-app:3001
2026-07-28 02:28:26,557  DEBUG  http://target-app:3001 "POST /api/v1/workspace/5c70ceeb-2453-430d-9785-a0e66157fa94/chat HTTP/1.1" 200 3551
2026-07-28 02:28:26,607  DEBUG  Starting new HTTP connection (1): target-app:3001
2026-07-28 02:28:31,740  DEBUG  http://target-app:3001 "POST /api/v1/workspace/5c70ceeb-2453-430d-9785-a0e66157fa94/chat HTTP/1.1" 200 3097
2026-07-28 02:28:31,746  DEBUG  Starting new HTTP connection (1): target-app:3001
2026-07-28 02:28:34,763  DEBUG  http://target-app:3001 "POST /api/v1/workspace/5c70ceeb-2453-430d-9785-a0e66157fa94/chat HTTP/1.1" 200 3094
2026-07-28 02:28:34,768  DEBUG  Starting new HTTP connection (1): target-app:3001
2026-07-28 02:28:39,889  DEBUG  http://target-app:3001 "POST /api/v1/workspace/5c70ceeb-2453-430d-9785-a0e66157fa94/chat HTTP/1.1" 200 3093
2026-07-28 02:28:39,895  DEBUG  Starting new HTTP connection (1): target-app:3001
2026-07-28 02:28:43,050  DEBUG  http://target-app:3001 "POST /api/v1/workspace/5c70ceeb-2453-430d-9785-a0e66157fa94/chat HTTP/1.1" 200 3079
2026-07-28 02:28:43,059  DEBUG  Starting new HTTP connection (1): target-app:3001
2026-07-28 02:28:54,323  DEBUG  http://target-app:3001 "POST /api/v1/workspace/5c70ceeb-2453-430d-9785-a0e66157fa94/chat HTTP/1.1" 200 3095
2026-07-28 02:28:54,334  DEBUG  Starting new HTTP connection (1): target-app:3001
2026-07-28 02:28:57,046  DEBUG  http://target-app:3001 "POST /api/v1/workspace/5c70ceeb-2453-430d-9785-a0e66157fa94/chat HTTP/1.1" 200 3093
2026-07-28 02:28:57,052  DEBUG  Starting new HTTP connection (1): target-app:3001
2026-07-28 02:29:09,933  DEBUG  http://target-app:3001 "POST /api/v1/workspace/5c70ceeb-2453-430d-9785-a0e66157fa94/chat HTTP/1.1" 200 3553
2026-07-28 02:29:09,941  DEBUG  Starting new HTTP connection (1): target-app:3001
2026-07-28 02:29:11,815  DEBUG  http://target-app:3001 "POST /api/v1/workspace/5c70ceeb-2453-430d-9785-a0e66157fa94/chat HTTP/1.1" 200 3111
2026-07-28 02:29:11,821  DEBUG  Starting new HTTP connection (1): target-app:3001
2026-07-28 02:29:13,200  DEBUG  http://target-app:3001 "POST /api/v1/workspace/5c70ceeb-2453-430d-9785-a0e66157fa94/chat HTTP/1.1" 200 3549
2026-07-28 02:29:13,206  DEBUG  Starting new HTTP connection (1): target-app:3001
2026-07-28 02:29:14,611  DEBUG  http://target-app:3001 "POST /api/v1/workspace/5c70ceeb-2453-430d-9785-a0e66157fa94/chat HTTP/1.1" 200 3552
2026-07-28 02:29:14,617  DEBUG  Starting new HTTP connection (1): target-app:3001
2026-07-28 02:29:29,743  DEBUG  http://target-app:3001 "POST /api/v1/workspace/5c70ceeb-2453-430d-9785-a0e66157fa94/chat HTTP/1.1" 200 2967
2026-07-28 02:29:29,756  DEBUG  Starting new HTTP connection (1): target-app:3001
2026-07-28 02:29:42,761  DEBUG  http://target-app:3001 "POST /api/v1/workspace/5c70ceeb-2453-430d-9785-a0e66157fa94/chat HTTP/1.1" 200 2737
2026-07-28 02:29:42,767  DEBUG  Starting new HTTP connection (1): target-app:3001
2026-07-28 02:29:50,531  DEBUG  http://target-app:3001 "POST /api/v1/workspace/5c70ceeb-2453-430d-9785-a0e66157fa94/chat HTTP/1.1" 200 3553
2026-07-28 02:29:50,537  DEBUG  Starting new HTTP connection (1): target-app:3001
2026-07-28 02:29:57,670  DEBUG  http://target-app:3001 "POST /api/v1/workspace/5c70ceeb-2453-430d-9785-a0e66157fa94/chat HTTP/1.1" 200 3552
2026-07-28 02:29:57,687  DEBUG  Starting new HTTP connection (1): target-app:3001
2026-07-28 02:30:00,533  DEBUG  http://target-app:3001 "POST /api/v1/workspace/5c70ceeb-2453-430d-9785-a0e66157fa94/chat HTTP/1.1" 200 3095
2026-07-28 02:30:00,538  DEBUG  Starting new HTTP connection (1): target-app:3001
2026-07-28 02:30:02,955  DEBUG  http://target-app:3001 "POST /api/v1/workspace/5c70ceeb-2453-430d-9785-a0e66157fa94/chat HTTP/1.1" 200 3554
2026-07-28 02:30:02,962  DEBUG  Starting new HTTP connection (1): target-app:3001
2026-07-28 02:30:10,400  DEBUG  http://target-app:3001 "POST /api/v1/workspace/5c70ceeb-2453-430d-9785-a0e66157fa94/chat HTTP/1.1" 200 2737
2026-07-28 02:30:10,411  DEBUG  Starting new HTTP connection (1): target-app:3001
2026-07-28 02:30:14,757  DEBUG  http://target-app:3001 "POST /api/v1/workspace/5c70ceeb-2453-430d-9785-a0e66157fa94/chat HTTP/1.1" 200 2737
2026-07-28 02:30:14,768  DEBUG  Starting new HTTP connection (1): target-app:3001
2026-07-28 02:30:26,717  DEBUG  http://target-app:3001 "POST /api/v1/workspace/5c70ceeb-2453-430d-9785-a0e66157fa94/chat HTTP/1.1" 200 3096
2026-07-28 02:30:26,724  DEBUG  Starting new HTTP connection (1): target-app:3001
2026-07-28 02:30:30,712  DEBUG  http://target-app:3001 "POST /api/v1/workspace/5c70ceeb-2453-430d-9785-a0e66157fa94/chat HTTP/1.1" 200 3553
2026-07-28 02:30:30,736  DEBUG  Starting new HTTP connection (1): target-app:3001
2026-07-28 02:30:35,626  DEBUG  http://target-app:3001 "POST /api/v1/workspace/5c70ceeb-2453-430d-9785-a0e66157fa94/chat HTTP/1.1" 200 2926
2026-07-28 02:30:35,664  DEBUG  Starting new HTTP connection (1): target-app:3001
2026-07-28 02:30:46,380  DEBUG  http://target-app:3001 "POST /api/v1/workspace/5c70ceeb-2453-430d-9785-a0e66157fa94/chat HTTP/1.1" 200 2264
2026-07-28 02:30:46,388  DEBUG  Starting new HTTP connection (1): target-app:3001
2026-07-28 02:30:55,137  DEBUG  http://target-app:3001 "POST /api/v1/workspace/5c70ceeb-2453-430d-9785-a0e66157fa94/chat HTTP/1.1" 200 2328
2026-07-28 02:30:55,145  DEBUG  Starting new HTTP connection (1): target-app:3001
2026-07-28 02:31:02,637  DEBUG  http://target-app:3001 "POST /api/v1/workspace/5c70ceeb-2453-430d-9785-a0e66157fa94/chat HTTP/1.1" 200 3108
2026-07-28 02:31:02,649  DEBUG  Starting new HTTP connection (1): target-app:3001
2026-07-28 02:31:04,975  DEBUG  http://target-app:3001 "POST /api/v1/workspace/5c70ceeb-2453-430d-9785-a0e66157fa94/chat HTTP/1.1" 200 3111
2026-07-28 02:31:04,985  DEBUG  Starting new HTTP connection (1): target-app:3001
2026-07-28 02:31:12,280  DEBUG  http://target-app:3001 "POST /api/v1/workspace/5c70ceeb-2453-430d-9785-a0e66157fa94/chat HTTP/1.1" 200 2322
2026-07-28 02:31:12,286  DEBUG  Starting new HTTP connection (1): target-app:3001
2026-07-28 02:31:19,278  DEBUG  http://target-app:3001 "POST /api/v1/workspace/5c70ceeb-2453-430d-9785-a0e66157fa94/chat HTTP/1.1" 200 2783
2026-07-28 02:31:19,297  DEBUG  Starting new HTTP connection (1): target-app:3001
2026-07-28 02:31:27,230  DEBUG  http://target-app:3001 "POST /api/v1/workspace/5c70ceeb-2453-430d-9785-a0e66157fa94/chat HTTP/1.1" 200 2290
2026-07-28 02:31:27,411  DEBUG  Starting new HTTP connection (1): target-app:3001
2026-07-28 02:31:50,046  DEBUG  http://target-app:3001 "POST /api/v1/workspace/5c70ceeb-2453-430d-9785-a0e66157fa94/chat HTTP/1.1" 200 3095
2026-07-28 02:31:50,067  DEBUG  Starting new HTTP connection (1): target-app:3001
2026-07-28 02:32:00,171  DEBUG  http://target-app:3001 "POST /api/v1/workspace/5c70ceeb-2453-430d-9785-a0e66157fa94/chat HTTP/1.1" 200 3552
2026-07-28 02:32:00,177  DEBUG  Starting new HTTP connection (1): target-app:3001
2026-07-28 02:32:15,156  DEBUG  http://target-app:3001 "POST /api/v1/workspace/5c70ceeb-2453-430d-9785-a0e66157fa94/chat HTTP/1.1" 200 3079
2026-07-28 02:32:15,169  DEBUG  Starting new HTTP connection (1): target-app:3001
2026-07-28 02:32:26,363  DEBUG  http://target-app:3001 "POST /api/v1/workspace/5c70ceeb-2453-430d-9785-a0e66157fa94/chat HTTP/1.1" 200 3095
2026-07-28 02:32:26,372  DEBUG  Starting new HTTP connection (1): target-app:3001
2026-07-28 02:32:30,160  DEBUG  http://target-app:3001 "POST /api/v1/workspace/5c70ceeb-2453-430d-9785-a0e66157fa94/chat HTTP/1.1" 200 2784
2026-07-28 02:32:30,165  DEBUG  Starting new HTTP connection (1): target-app:3001
2026-07-28 02:32:33,656  DEBUG  http://target-app:3001 "POST /api/v1/workspace/5c70ceeb-2453-430d-9785-a0e66157fa94/chat HTTP/1.1" 200 3121
2026-07-28 02:32:33,661  DEBUG  Starting new HTTP connection (1): target-app:3001
2026-07-28 02:32:36,327  DEBUG  http://target-app:3001 "POST /api/v1/workspace/5c70ceeb-2453-430d-9785-a0e66157fa94/chat HTTP/1.1" 200 2320
2026-07-28 02:32:36,341  DEBUG  Starting new HTTP connection (1): target-app:3001
2026-07-28 02:32:41,036  DEBUG  http://target-app:3001 "POST /api/v1/workspace/5c70ceeb-2453-430d-9785-a0e66157fa94/chat HTTP/1.1" 200 3095
2026-07-28 02:32:41,042  DEBUG  Starting new HTTP connection (1): target-app:3001
2026-07-28 02:32:50,318  DEBUG  http://target-app:3001 "POST /api/v1/workspace/5c70ceeb-2453-430d-9785-a0e66157fa94/chat HTTP/1.1" 200 3553
2026-07-28 02:32:50,324  DEBUG  Starting new HTTP connection (1): target-app:3001
2026-07-28 02:32:54,513  DEBUG  http://target-app:3001 "POST /api/v1/workspace/5c70ceeb-2453-430d-9785-a0e66157fa94/chat HTTP/1.1" 200 3553
2026-07-28 02:32:54,520  DEBUG  Starting new HTTP connection (1): target-app:3001
2026-07-28 02:33:04,237  DEBUG  http://target-app:3001 "POST /api/v1/workspace/5c70ceeb-2453-430d-9785-a0e66157fa94/chat HTTP/1.1" 200 3096
2026-07-28 02:33:04,251  DEBUG  Starting new HTTP connection (1): target-app:3001
2026-07-28 02:33:10,940  DEBUG  http://target-app:3001 "POST /api/v1/workspace/5c70ceeb-2453-430d-9785-a0e66157fa94/chat HTTP/1.1" 200 3549
2026-07-28 02:33:10,949  DEBUG  Starting new HTTP connection (1): target-app:3001
2026-07-28 02:33:15,138  DEBUG  http://target-app:3001 "POST /api/v1/workspace/5c70ceeb-2453-430d-9785-a0e66157fa94/chat HTTP/1.1" 200 2321
2026-07-28 02:33:16,158  DEBUG  Starting new HTTP connection (1): target-app:3001
2026-07-28 02:33:25,917  DEBUG  http://target-app:3001 "POST /api/v1/workspace/5c70ceeb-2453-430d-9785-a0e66157fa94/chat HTTP/1.1" 200 2928
2026-07-28 02:33:25,923  DEBUG  Starting new HTTP connection (1): target-app:3001
2026-07-28 02:33:37,306  DEBUG  http://target-app:3001 "POST /api/v1/workspace/5c70ceeb-2453-430d-9785-a0e66157fa94/chat HTTP/1.1" 200 2865
2026-07-28 02:33:37,311  DEBUG  Starting new HTTP connection (1): target-app:3001
2026-07-28 02:33:49,763  DEBUG  http://target-app:3001 "POST /api/v1/workspace/5c70ceeb-2453-430d-9785-a0e66157fa94/chat HTTP/1.1" 200 2875
2026-07-28 02:33:49,768  DEBUG  Starting new HTTP connection (1): target-app:3001
2026-07-28 02:33:56,957  DEBUG  http://target-app:3001 "POST /api/v1/workspace/5c70ceeb-2453-430d-9785-a0e66157fa94/chat HTTP/1.1" 200 3566
2026-07-28 02:33:56,963  DEBUG  Starting new HTTP connection (1): target-app:3001
2026-07-28 02:34:06,833  DEBUG  http://target-app:3001 "POST /api/v1/workspace/5c70ceeb-2453-430d-9785-a0e66157fa94/chat HTTP/1.1" 200 2736
2026-07-28 02:34:06,838  DEBUG  Starting new HTTP connection (1): target-app:3001
2026-07-28 02:34:11,711  DEBUG  http://target-app:3001 "POST /api/v1/workspace/5c70ceeb-2453-430d-9785-a0e66157fa94/chat HTTP/1.1" 200 2263
2026-07-28 02:34:11,716  DEBUG  Starting new HTTP connection (1): target-app:3001
2026-07-28 02:34:28,232  DEBUG  http://target-app:3001 "POST /api/v1/workspace/5c70ceeb-2453-430d-9785-a0e66157fa94/chat HTTP/1.1" 200 3096
2026-07-28 02:34:28,236  DEBUG  Starting new HTTP connection (1): target-app:3001
2026-07-28 02:34:32,786  DEBUG  http://target-app:3001 "POST /api/v1/workspace/5c70ceeb-2453-430d-9785-a0e66157fa94/chat HTTP/1.1" 200 2782
2026-07-28 02:34:32,792  DEBUG  Starting new HTTP connection (1): target-app:3001
2026-07-28 02:34:40,329  DEBUG  http://target-app:3001 "POST /api/v1/workspace/5c70ceeb-2453-430d-9785-a0e66157fa94/chat HTTP/1.1" 200 2291
2026-07-28 02:34:40,336  DEBUG  Starting new HTTP connection (1): target-app:3001
2026-07-28 02:34:50,256  DEBUG  http://target-app:3001 "POST /api/v1/workspace/5c70ceeb-2453-430d-9785-a0e66157fa94/chat HTTP/1.1" 200 3120
2026-07-28 02:34:50,261  DEBUG  Starting new HTTP connection (1): target-app:3001
2026-07-28 02:35:00,271  DEBUG  http://target-app:3001 "POST /api/v1/workspace/5c70ceeb-2453-430d-9785-a0e66157fa94/chat HTTP/1.1" 200 3664
2026-07-28 02:35:00,276  DEBUG  Starting new HTTP connection (1): target-app:3001
2026-07-28 02:35:05,169  DEBUG  http://target-app:3001 "POST /api/v1/workspace/5c70ceeb-2453-430d-9785-a0e66157fa94/chat HTTP/1.1" 200 2288
2026-07-28 02:35:05,175  DEBUG  Starting new HTTP connection (1): target-app:3001
2026-07-28 02:35:13,981  DEBUG  http://target-app:3001 "POST /api/v1/workspace/5c70ceeb-2453-430d-9785-a0e66157fa94/chat HTTP/1.1" 200 2737
2026-07-28 02:35:13,991  DEBUG  Starting new HTTP connection (1): target-app:3001
2026-07-28 02:35:20,817  DEBUG  http://target-app:3001 "POST /api/v1/workspace/5c70ceeb-2453-430d-9785-a0e66157fa94/chat HTTP/1.1" 200 3118
2026-07-28 02:35:20,822  DEBUG  Starting new HTTP connection (1): target-app:3001
2026-07-28 02:35:23,958  DEBUG  http://target-app:3001 "POST /api/v1/workspace/5c70ceeb-2453-430d-9785-a0e66157fa94/chat HTTP/1.1" 200 2445
2026-07-28 02:35:23,962  DEBUG  Starting new HTTP connection (1): target-app:3001
2026-07-28 02:35:29,527  DEBUG  http://target-app:3001 "POST /api/v1/workspace/5c70ceeb-2453-430d-9785-a0e66157fa94/chat HTTP/1.1" 200 2738
2026-07-28 02:35:29,532  DEBUG  Starting new HTTP connection (1): target-app:3001
2026-07-28 02:35:31,819  DEBUG  http://target-app:3001 "POST /api/v1/workspace/5c70ceeb-2453-430d-9785-a0e66157fa94/chat HTTP/1.1" 200 2290
2026-07-28 02:35:31,824  DEBUG  Starting new HTTP connection (1): target-app:3001
2026-07-28 02:35:35,643  DEBUG  http://target-app:3001 "POST /api/v1/workspace/5c70ceeb-2453-430d-9785-a0e66157fa94/chat HTTP/1.1" 200 3553
2026-07-28 02:35:35,648  DEBUG  Starting new HTTP connection (1): target-app:3001
2026-07-28 02:35:47,273  DEBUG  http://target-app:3001 "POST /api/v1/workspace/5c70ceeb-2453-430d-9785-a0e66157fa94/chat HTTP/1.1" 200 2865
2026-07-28 02:35:47,299  DEBUG  Starting new HTTP connection (1): target-app:3001
2026-07-28 02:35:52,666  DEBUG  http://target-app:3001 "POST /api/v1/workspace/5c70ceeb-2453-430d-9785-a0e66157fa94/chat HTTP/1.1" 200 2264
2026-07-28 02:35:52,677  DEBUG  Starting new HTTP connection (1): target-app:3001
2026-07-28 02:36:05,814  DEBUG  http://target-app:3001 "POST /api/v1/workspace/5c70ceeb-2453-430d-9785-a0e66157fa94/chat HTTP/1.1" 200 3096
2026-07-28 02:36:05,897  DEBUG  Starting new HTTP connection (1): target-app:3001
2026-07-28 02:36:11,353  DEBUG  http://target-app:3001 "POST /api/v1/workspace/5c70ceeb-2453-430d-9785-a0e66157fa94/chat HTTP/1.1" 200 3095
2026-07-28 02:36:11,366  DEBUG  Starting new HTTP connection (1): target-app:3001
2026-07-28 02:36:22,985  DEBUG  http://target-app:3001 "POST /api/v1/workspace/5c70ceeb-2453-430d-9785-a0e66157fa94/chat HTTP/1.1" 200 3548
2026-07-28 02:36:22,994  DEBUG  Starting new HTTP connection (1): target-app:3001
2026-07-28 02:36:32,695  DEBUG  http://target-app:3001 "POST /api/v1/workspace/5c70ceeb-2453-430d-9785-a0e66157fa94/chat HTTP/1.1" 200 2327
2026-07-28 02:36:32,713  DEBUG  Starting new HTTP connection (1): target-app:3001
2026-07-28 02:36:36,654  DEBUG  http://target-app:3001 "POST /api/v1/workspace/5c70ceeb-2453-430d-9785-a0e66157fa94/chat HTTP/1.1" 200 3096
2026-07-28 02:36:36,660  DEBUG  Starting new HTTP connection (1): target-app:3001
2026-07-28 02:36:42,043  DEBUG  http://target-app:3001 "POST /api/v1/workspace/5c70ceeb-2453-430d-9785-a0e66157fa94/chat HTTP/1.1" 200 3092
2026-07-28 02:36:42,047  DEBUG  Starting new HTTP connection (1): target-app:3001
2026-07-28 02:36:48,295  DEBUG  http://target-app:3001 "POST /api/v1/workspace/5c70ceeb-2453-430d-9785-a0e66157fa94/chat HTTP/1.1" 200 2263
2026-07-28 02:36:48,299  DEBUG  Starting new HTTP connection (1): target-app:3001
2026-07-28 02:36:55,903  DEBUG  http://target-app:3001 "POST /api/v1/workspace/5c70ceeb-2453-430d-9785-a0e66157fa94/chat HTTP/1.1" 200 3095
2026-07-28 02:36:55,909  DEBUG  Starting new HTTP connection (1): target-app:3001
2026-07-28 02:36:57,218  DEBUG  http://target-app:3001 "POST /api/v1/workspace/5c70ceeb-2453-430d-9785-a0e66157fa94/chat HTTP/1.1" 200 2967
2026-07-28 02:36:57,224  DEBUG  Starting new HTTP connection (1): target-app:3001
2026-07-28 02:37:05,140  DEBUG  http://target-app:3001 "POST /api/v1/workspace/5c70ceeb-2453-430d-9785-a0e66157fa94/chat HTTP/1.1" 200 2290
2026-07-28 02:37:05,153  DEBUG  Starting new HTTP connection (1): target-app:3001
2026-07-28 02:37:07,900  DEBUG  http://target-app:3001 "POST /api/v1/workspace/5c70ceeb-2453-430d-9785-a0e66157fa94/chat HTTP/1.1" 200 3095
2026-07-28 02:37:07,944  DEBUG  Starting new HTTP connection (1): target-app:3001
2026-07-28 02:37:10,509  DEBUG  http://target-app:3001 "POST /api/v1/workspace/5c70ceeb-2453-430d-9785-a0e66157fa94/chat HTTP/1.1" 200 2928
2026-07-28 02:37:10,518  DEBUG  Starting new HTTP connection (1): target-app:3001
2026-07-28 02:37:18,531  DEBUG  http://target-app:3001 "POST /api/v1/workspace/5c70ceeb-2453-430d-9785-a0e66157fa94/chat HTTP/1.1" 200 2738
2026-07-28 02:37:18,545  DEBUG  Starting new HTTP connection (1): target-app:3001
2026-07-28 02:37:26,971  DEBUG  http://target-app:3001 "POST /api/v1/workspace/5c70ceeb-2453-430d-9785-a0e66157fa94/chat HTTP/1.1" 200 3095
2026-07-28 02:37:26,980  DEBUG  Starting new HTTP connection (1): target-app:3001
2026-07-28 02:37:30,819  DEBUG  http://target-app:3001 "POST /api/v1/workspace/5c70ceeb-2453-430d-9785-a0e66157fa94/chat HTTP/1.1" 200 3096
2026-07-28 02:37:30,824  DEBUG  Starting new HTTP connection (1): target-app:3001
2026-07-28 02:37:36,900  DEBUG  http://target-app:3001 "POST /api/v1/workspace/5c70ceeb-2453-430d-9785-a0e66157fa94/chat HTTP/1.1" 200 2264
2026-07-28 02:37:36,948  DEBUG  Starting new HTTP connection (1): target-app:3001
2026-07-28 02:37:43,491  DEBUG  http://target-app:3001 "POST /api/v1/workspace/5c70ceeb-2453-430d-9785-a0e66157fa94/chat HTTP/1.1" 200 2720
2026-07-28 02:37:43,496  DEBUG  Starting new HTTP connection (1): target-app:3001
2026-07-28 02:37:58,305  DEBUG  http://target-app:3001 "POST /api/v1/workspace/5c70ceeb-2453-430d-9785-a0e66157fa94/chat HTTP/1.1" 200 3094
2026-07-28 02:37:58,312  DEBUG  Starting new HTTP connection (1): target-app:3001
2026-07-28 02:38:02,265  DEBUG  http://target-app:3001 "POST /api/v1/workspace/5c70ceeb-2453-430d-9785-a0e66157fa94/chat HTTP/1.1" 200 3094
2026-07-28 02:38:02,304  DEBUG  Starting new HTTP connection (1): target-app:3001
2026-07-28 02:38:18,703  DEBUG  http://target-app:3001 "POST /api/v1/workspace/5c70ceeb-2453-430d-9785-a0e66157fa94/chat HTTP/1.1" 200 3095
2026-07-28 02:38:18,740  DEBUG  Starting new HTTP connection (1): target-app:3001
2026-07-28 02:38:25,372  DEBUG  http://target-app:3001 "POST /api/v1/workspace/5c70ceeb-2453-430d-9785-a0e66157fa94/chat HTTP/1.1" 200 2784
2026-07-28 02:38:25,398  DEBUG  Starting new HTTP connection (1): target-app:3001
2026-07-28 02:38:35,522  DEBUG  http://target-app:3001 "POST /api/v1/workspace/5c70ceeb-2453-430d-9785-a0e66157fa94/chat HTTP/1.1" 200 3076
2026-07-28 02:38:35,545  DEBUG  Starting new HTTP connection (1): target-app:3001
2026-07-28 02:38:50,736  DEBUG  http://target-app:3001 "POST /api/v1/workspace/5c70ceeb-2453-430d-9785-a0e66157fa94/chat HTTP/1.1" 200 3076
2026-07-28 02:38:50,748  DEBUG  Starting new HTTP connection (1): target-app:3001
2026-07-28 02:39:05,426  DEBUG  http://target-app:3001 "POST /api/v1/workspace/5c70ceeb-2453-430d-9785-a0e66157fa94/chat HTTP/1.1" 200 3094
2026-07-28 02:39:05,458  DEBUG  Starting new HTTP connection (1): target-app:3001
2026-07-28 02:39:08,816  DEBUG  http://target-app:3001 "POST /api/v1/workspace/5c70ceeb-2453-430d-9785-a0e66157fa94/chat HTTP/1.1" 200 3095
2026-07-28 02:39:08,839  DEBUG  Starting new HTTP connection (1): target-app:3001
2026-07-28 02:39:12,033  DEBUG  http://target-app:3001 "POST /api/v1/workspace/5c70ceeb-2453-430d-9785-a0e66157fa94/chat HTTP/1.1" 200 3553
2026-07-28 02:39:12,039  DEBUG  Starting new HTTP connection (1): target-app:3001
2026-07-28 02:39:13,885  DEBUG  http://target-app:3001 "POST /api/v1/workspace/5c70ceeb-2453-430d-9785-a0e66157fa94/chat HTTP/1.1" 200 2783
2026-07-28 02:39:13,893  DEBUG  Starting new HTTP connection (1): target-app:3001
2026-07-28 02:39:15,883  DEBUG  http://target-app:3001 "POST /api/v1/workspace/5c70ceeb-2453-430d-9785-a0e66157fa94/chat HTTP/1.1" 200 2785
2026-07-28 02:39:15,887  DEBUG  Starting new HTTP connection (1): target-app:3001
2026-07-28 02:39:28,336  DEBUG  http://target-app:3001 "POST /api/v1/workspace/5c70ceeb-2453-430d-9785-a0e66157fa94/chat HTTP/1.1" 200 3095
2026-07-28 02:39:28,341  DEBUG  Starting new HTTP connection (1): target-app:3001
2026-07-28 02:39:33,082  DEBUG  http://target-app:3001 "POST /api/v1/workspace/5c70ceeb-2453-430d-9785-a0e66157fa94/chat HTTP/1.1" 200 3079
2026-07-28 02:39:33,086  DEBUG  Starting new HTTP connection (1): target-app:3001
2026-07-28 02:39:35,736  DEBUG  http://target-app:3001 "POST /api/v1/workspace/5c70ceeb-2453-430d-9785-a0e66157fa94/chat HTTP/1.1" 200 3551
2026-07-28 02:39:35,753  DEBUG  Starting new HTTP connection (1): target-app:3001
2026-07-28 02:39:42,244  DEBUG  http://target-app:3001 "POST /api/v1/workspace/5c70ceeb-2453-430d-9785-a0e66157fa94/chat HTTP/1.1" 200 2734
2026-07-28 02:39:42,258  DEBUG  Starting new HTTP connection (1): target-app:3001
2026-07-28 02:39:51,525  DEBUG  http://target-app:3001 "POST /api/v1/workspace/5c70ceeb-2453-430d-9785-a0e66157fa94/chat HTTP/1.1" 200 2265
2026-07-28 02:39:51,531  DEBUG  Starting new HTTP connection (1): target-app:3001
2026-07-28 02:39:57,052  DEBUG  http://target-app:3001 "POST /api/v1/workspace/5c70ceeb-2453-430d-9785-a0e66157fa94/chat HTTP/1.1" 200 2327
2026-07-28 02:39:57,084  DEBUG  Starting new HTTP connection (1): target-app:3001
2026-07-28 02:40:12,874  DEBUG  http://target-app:3001 "POST /api/v1/workspace/5c70ceeb-2453-430d-9785-a0e66157fa94/chat HTTP/1.1" 200 2737
2026-07-28 02:40:12,890  DEBUG  Starting new HTTP connection (1): target-app:3001
2026-07-28 02:40:14,503  DEBUG  http://target-app:3001 "POST /api/v1/workspace/5c70ceeb-2453-430d-9785-a0e66157fa94/chat HTTP/1.1" 200 3551
2026-07-28 02:40:14,515  DEBUG  Starting new HTTP connection (1): target-app:3001
2026-07-28 02:40:20,728  DEBUG  http://target-app:3001 "POST /api/v1/workspace/5c70ceeb-2453-430d-9785-a0e66157fa94/chat HTTP/1.1" 200 2273
2026-07-28 02:40:20,738  DEBUG  Starting new HTTP connection (1): target-app:3001
2026-07-28 02:40:30,073  DEBUG  http://target-app:3001 "POST /api/v1/workspace/5c70ceeb-2453-430d-9785-a0e66157fa94/chat HTTP/1.1" 200 3080
2026-07-28 02:40:30,082  DEBUG  Starting new HTTP connection (1): target-app:3001
2026-07-28 02:40:33,088  DEBUG  http://target-app:3001 "POST /api/v1/workspace/5c70ceeb-2453-430d-9785-a0e66157fa94/chat HTTP/1.1" 200 3553
2026-07-28 02:40:33,096  DEBUG  Starting new HTTP connection (1): target-app:3001
2026-07-28 02:40:35,877  DEBUG  http://target-app:3001 "POST /api/v1/workspace/5c70ceeb-2453-430d-9785-a0e66157fa94/chat HTTP/1.1" 200 3199
2026-07-28 02:40:35,890  DEBUG  Starting new HTTP connection (1): target-app:3001
2026-07-28 02:40:46,177  DEBUG  http://target-app:3001 "POST /api/v1/workspace/5c70ceeb-2453-430d-9785-a0e66157fa94/chat HTTP/1.1" 200 3105
2026-07-28 02:40:46,185  DEBUG  Starting new HTTP connection (1): target-app:3001
2026-07-28 02:40:51,696  DEBUG  http://target-app:3001 "POST /api/v1/workspace/5c70ceeb-2453-430d-9785-a0e66157fa94/chat HTTP/1.1" 200 2786
2026-07-28 02:40:51,701  DEBUG  Starting new HTTP connection (1): target-app:3001
2026-07-28 02:40:54,210  DEBUG  http://target-app:3001 "POST /api/v1/workspace/5c70ceeb-2453-430d-9785-a0e66157fa94/chat HTTP/1.1" 200 3552
2026-07-28 02:40:54,225  DEBUG  Starting new HTTP connection (1): target-app:3001
2026-07-28 02:40:55,681  DEBUG  http://target-app:3001 "POST /api/v1/workspace/5c70ceeb-2453-430d-9785-a0e66157fa94/chat HTTP/1.1" 200 2737
2026-07-28 02:40:55,687  DEBUG  Starting new HTTP connection (1): target-app:3001
2026-07-28 02:40:57,127  DEBUG  http://target-app:3001 "POST /api/v1/workspace/5c70ceeb-2453-430d-9785-a0e66157fa94/chat HTTP/1.1" 200 3552
2026-07-28 02:40:57,136  DEBUG  Starting new HTTP connection (1): target-app:3001
2026-07-28 02:41:00,977  DEBUG  http://target-app:3001 "POST /api/v1/workspace/5c70ceeb-2453-430d-9785-a0e66157fa94/chat HTTP/1.1" 200 2736
2026-07-28 02:41:00,988  DEBUG  Starting new HTTP connection (1): target-app:3001
2026-07-28 02:41:07,586  DEBUG  http://target-app:3001 "POST /api/v1/workspace/5c70ceeb-2453-430d-9785-a0e66157fa94/chat HTTP/1.1" 200 2327
2026-07-28 02:41:07,596  DEBUG  Starting new HTTP connection (1): target-app:3001
2026-07-28 02:41:09,290  DEBUG  http://target-app:3001 "POST /api/v1/workspace/5c70ceeb-2453-430d-9785-a0e66157fa94/chat HTTP/1.1" 200 2352
2026-07-28 02:41:09,295  DEBUG  Starting new HTTP connection (1): target-app:3001
2026-07-28 02:41:10,589  DEBUG  http://target-app:3001 "POST /api/v1/workspace/5c70ceeb-2453-430d-9785-a0e66157fa94/chat HTTP/1.1" 200 2323
2026-07-28 02:41:10,594  DEBUG  Starting new HTTP connection (1): target-app:3001
2026-07-28 02:41:16,056  DEBUG  http://target-app:3001 "POST /api/v1/workspace/5c70ceeb-2453-430d-9785-a0e66157fa94/chat HTTP/1.1" 200 2811
2026-07-28 02:41:16,060  DEBUG  Starting new HTTP connection (1): target-app:3001
2026-07-28 02:41:19,927  DEBUG  http://target-app:3001 "POST /api/v1/workspace/5c70ceeb-2453-430d-9785-a0e66157fa94/chat HTTP/1.1" 200 3093
2026-07-28 02:41:19,933  DEBUG  Starting new HTTP connection (1): target-app:3001
2026-07-28 02:41:24,956  DEBUG  http://target-app:3001 "POST /api/v1/workspace/5c70ceeb-2453-430d-9785-a0e66157fa94/chat HTTP/1.1" 200 2330
2026-07-28 02:41:24,962  DEBUG  Starting new HTTP connection (1): target-app:3001
2026-07-28 02:41:27,752  DEBUG  http://target-app:3001 "POST /api/v1/workspace/5c70ceeb-2453-430d-9785-a0e66157fa94/chat HTTP/1.1" 200 2738
2026-07-28 02:41:27,759  DEBUG  Starting new HTTP connection (1): target-app:3001
2026-07-28 02:41:29,665  DEBUG  http://target-app:3001 "POST /api/v1/workspace/5c70ceeb-2453-430d-9785-a0e66157fa94/chat HTTP/1.1" 200 3552
2026-07-28 02:41:29,675  DEBUG  Starting new HTTP connection (1): target-app:3001
2026-07-28 02:41:32,086  DEBUG  http://target-app:3001 "POST /api/v1/workspace/5c70ceeb-2453-430d-9785-a0e66157fa94/chat HTTP/1.1" 200 3551
2026-07-28 02:41:32,095  DEBUG  Starting new HTTP connection (1): target-app:3001
2026-07-28 02:41:48,174  DEBUG  http://target-app:3001 "POST /api/v1/workspace/5c70ceeb-2453-430d-9785-a0e66157fa94/chat HTTP/1.1" 200 2737
2026-07-28 02:41:48,212  DEBUG  Starting new HTTP connection (1): target-app:3001
2026-07-28 02:41:58,431  DEBUG  http://target-app:3001 "POST /api/v1/workspace/5c70ceeb-2453-430d-9785-a0e66157fa94/chat HTTP/1.1" 200 3080
2026-07-28 02:41:58,519  DEBUG  Starting new HTTP connection (1): target-app:3001
2026-07-28 02:42:09,863  DEBUG  http://target-app:3001 "POST /api/v1/workspace/5c70ceeb-2453-430d-9785-a0e66157fa94/chat HTTP/1.1" 200 3095
2026-07-28 02:42:09,889  DEBUG  Starting new HTTP connection (1): target-app:3001
2026-07-28 02:42:17,039  DEBUG  http://target-app:3001 "POST /api/v1/workspace/5c70ceeb-2453-430d-9785-a0e66157fa94/chat HTTP/1.1" 200 3077
2026-07-28 02:42:17,046  DEBUG  Starting new HTTP connection (1): target-app:3001
2026-07-28 02:42:22,002  DEBUG  http://target-app:3001 "POST /api/v1/workspace/5c70ceeb-2453-430d-9785-a0e66157fa94/chat HTTP/1.1" 200 2328
2026-07-28 02:42:22,010  DEBUG  Starting new HTTP connection (1): target-app:3001
2026-07-28 02:42:32,319  DEBUG  http://target-app:3001 "POST /api/v1/workspace/5c70ceeb-2453-430d-9785-a0e66157fa94/chat HTTP/1.1" 200 3093
2026-07-28 02:42:32,336  DEBUG  Starting new HTTP connection (1): target-app:3001
2026-07-28 02:42:36,781  DEBUG  http://target-app:3001 "POST /api/v1/workspace/5c70ceeb-2453-430d-9785-a0e66157fa94/chat HTTP/1.1" 200 2925
2026-07-28 02:42:36,789  DEBUG  Starting new HTTP connection (1): target-app:3001
2026-07-28 02:42:45,587  DEBUG  http://target-app:3001 "POST /api/v1/workspace/5c70ceeb-2453-430d-9785-a0e66157fa94/chat HTTP/1.1" 200 3096
2026-07-28 02:42:45,595  DEBUG  Starting new HTTP connection (1): target-app:3001
2026-07-28 02:42:49,400  DEBUG  http://target-app:3001 "POST /api/v1/workspace/5c70ceeb-2453-430d-9785-a0e66157fa94/chat HTTP/1.1" 200 2931
2026-07-28 02:42:50,337  DEBUG  Starting new HTTP connection (1): target-app:3001
2026-07-28 02:42:57,525  DEBUG  http://target-app:3001 "POST /api/v1/workspace/5c70ceeb-2453-430d-9785-a0e66157fa94/chat HTTP/1.1" 200 2322
2026-07-28 02:42:57,532  DEBUG  Starting new HTTP connection (1): target-app:3001
2026-07-28 02:43:01,603  DEBUG  http://target-app:3001 "POST /api/v1/workspace/5c70ceeb-2453-430d-9785-a0e66157fa94/chat HTTP/1.1" 200 3096
2026-07-28 02:43:01,613  DEBUG  probe return: <garak.probes.promptinject.HijackHateHumans object at 0x79dd13aadfd0> with 256 attempts
2026-07-28 02:43:01,658  DEBUG  harness: run detector garak.detectors.promptinject.AttackRogueString
2026-07-28 02:43:01,719  INFO  hit log in /root/.local/share/garak/garak_runs/garak.8db8e658-6814-4c48-9cf4-589b1b592aaf.hitlog.jsonl
2026-07-28 02:43:04,217  DEBUG  harness: probe list iteration completed
2026-07-28 02:43:04,236  INFO  probe init: <garak.probes.promptinject.HijackKillHumans object at 0x79dd146a6c60>
2026-07-28 02:43:04,416  DEBUG  harness: probe start for garak.probes.promptinject.HijackKillHumans
2026-07-28 02:43:04,417  DEBUG  probe execute: <garak.probes.promptinject.HijackKillHumans object at 0x79dd146a6c60>
2026-07-28 02:43:04,467  DEBUG  Starting new HTTP connection (1): target-app:3001
2026-07-28 02:43:15,678  DEBUG  http://target-app:3001 "POST /api/v1/workspace/5c70ceeb-2453-430d-9785-a0e66157fa94/chat HTTP/1.1" 200 2739
2026-07-28 02:43:15,684  DEBUG  Starting new HTTP connection (1): target-app:3001
2026-07-28 02:43:20,376  DEBUG  http://target-app:3001 "POST /api/v1/workspace/5c70ceeb-2453-430d-9785-a0e66157fa94/chat HTTP/1.1" 200 2720
2026-07-28 02:43:20,382  DEBUG  Starting new HTTP connection (1): target-app:3001
2026-07-28 02:43:28,128  DEBUG  http://target-app:3001 "POST /api/v1/workspace/5c70ceeb-2453-430d-9785-a0e66157fa94/chat HTTP/1.1" 200 2265
2026-07-28 02:43:28,134  DEBUG  Starting new HTTP connection (1): target-app:3001
2026-07-28 02:43:36,557  DEBUG  http://target-app:3001 "POST /api/v1/workspace/5c70ceeb-2453-430d-9785-a0e66157fa94/chat HTTP/1.1" 200 2722
2026-07-28 02:43:36,565  DEBUG  Starting new HTTP connection (1): target-app:3001
2026-07-28 02:43:50,941  DEBUG  http://target-app:3001 "POST /api/v1/workspace/5c70ceeb-2453-430d-9785-a0e66157fa94/chat HTTP/1.1" 200 3555
2026-07-28 02:43:50,948  DEBUG  Starting new HTTP connection (1): target-app:3001
2026-07-28 02:44:04,234  DEBUG  http://target-app:3001 "POST /api/v1/workspace/5c70ceeb-2453-430d-9785-a0e66157fa94/chat HTTP/1.1" 200 3555
2026-07-28 02:44:04,239  DEBUG  Starting new HTTP connection (1): target-app:3001
2026-07-28 02:44:09,892  DEBUG  http://target-app:3001 "POST /api/v1/workspace/5c70ceeb-2453-430d-9785-a0e66157fa94/chat HTTP/1.1" 200 3107
2026-07-28 02:44:09,898  DEBUG  Starting new HTTP connection (1): target-app:3001
2026-07-28 02:44:19,351  DEBUG  http://target-app:3001 "POST /api/v1/workspace/5c70ceeb-2453-430d-9785-a0e66157fa94/chat HTTP/1.1" 200 3107
2026-07-28 02:44:20,648  DEBUG  Starting new HTTP connection (1): target-app:3001
2026-07-28 02:44:30,643  DEBUG  http://target-app:3001 "POST /api/v1/workspace/5c70ceeb-2453-430d-9785-a0e66157fa94/chat HTTP/1.1" 200 2968
2026-07-28 02:44:30,648  DEBUG  Starting new HTTP connection (1): target-app:3001
2026-07-28 02:44:43,349  DEBUG  http://target-app:3001 "POST /api/v1/workspace/5c70ceeb-2453-430d-9785-a0e66157fa94/chat HTTP/1.1" 200 2970
2026-07-28 02:44:43,355  DEBUG  Starting new HTTP connection (1): target-app:3001
2026-07-28 02:45:01,957  DEBUG  http://target-app:3001 "POST /api/v1/workspace/5c70ceeb-2453-430d-9785-a0e66157fa94/chat HTTP/1.1" 200 3554
2026-07-28 02:45:01,969  DEBUG  Starting new HTTP connection (1): target-app:3001
2026-07-28 02:45:09,289  DEBUG  http://target-app:3001 "POST /api/v1/workspace/5c70ceeb-2453-430d-9785-a0e66157fa94/chat HTTP/1.1" 200 2468
2026-07-28 02:45:09,296  DEBUG  Starting new HTTP connection (1): target-app:3001
2026-07-28 02:45:24,042  DEBUG  http://target-app:3001 "POST /api/v1/workspace/5c70ceeb-2453-430d-9785-a0e66157fa94/chat HTTP/1.1" 200 2738
2026-07-28 02:45:24,049  DEBUG  Starting new HTTP connection (1): target-app:3001
2026-07-28 02:45:29,413  DEBUG  http://target-app:3001 "POST /api/v1/workspace/5c70ceeb-2453-430d-9785-a0e66157fa94/chat HTTP/1.1" 200 2739
2026-07-28 02:45:29,418  DEBUG  Starting new HTTP connection (1): target-app:3001
2026-07-28 02:45:44,280  DEBUG  http://target-app:3001 "POST /api/v1/workspace/5c70ceeb-2453-430d-9785-a0e66157fa94/chat HTTP/1.1" 200 3551
2026-07-28 02:45:44,285  DEBUG  Starting new HTTP connection (1): target-app:3001
2026-07-28 02:45:46,175  DEBUG  http://target-app:3001 "POST /api/v1/workspace/5c70ceeb-2453-430d-9785-a0e66157fa94/chat HTTP/1.1" 200 3552
2026-07-28 02:45:46,181  DEBUG  Starting new HTTP connection (1): target-app:3001
2026-07-28 02:46:00,387  DEBUG  http://target-app:3001 "POST /api/v1/workspace/5c70ceeb-2453-430d-9785-a0e66157fa94/chat HTTP/1.1" 200 3555
2026-07-28 02:46:00,398  DEBUG  Starting new HTTP connection (1): target-app:3001
2026-07-28 02:46:02,046  DEBUG  http://target-app:3001 "POST /api/v1/workspace/5c70ceeb-2453-430d-9785-a0e66157fa94/chat HTTP/1.1" 200 3554
2026-07-28 02:46:02,056  DEBUG  Starting new HTTP connection (1): target-app:3001
2026-07-28 02:46:14,494  DEBUG  http://target-app:3001 "POST /api/v1/workspace/5c70ceeb-2453-430d-9785-a0e66157fa94/chat HTTP/1.1" 200 2738
2026-07-28 02:46:14,569  DEBUG  Starting new HTTP connection (1): target-app:3001
2026-07-28 02:46:25,685  DEBUG  http://target-app:3001 "POST /api/v1/workspace/5c70ceeb-2453-430d-9785-a0e66157fa94/chat HTTP/1.1" 200 2741
2026-07-28 02:46:25,698  DEBUG  Starting new HTTP connection (1): target-app:3001
2026-07-28 02:46:29,705  DEBUG  http://target-app:3001 "POST /api/v1/workspace/5c70ceeb-2453-430d-9785-a0e66157fa94/chat HTTP/1.1" 200 3555
2026-07-28 02:46:30,153  DEBUG  Starting new HTTP connection (1): target-app:3001
2026-07-28 02:46:33,458  DEBUG  http://target-app:3001 "POST /api/v1/workspace/5c70ceeb-2453-430d-9785-a0e66157fa94/chat HTTP/1.1" 200 2740
2026-07-28 02:46:33,467  DEBUG  Starting new HTTP connection (1): target-app:3001
2026-07-28 02:46:36,365  DEBUG  http://target-app:3001 "POST /api/v1/workspace/5c70ceeb-2453-430d-9785-a0e66157fa94/chat HTTP/1.1" 200 3554
2026-07-28 02:46:36,373  DEBUG  Starting new HTTP connection (1): target-app:3001
2026-07-28 02:46:38,349  DEBUG  http://target-app:3001 "POST /api/v1/workspace/5c70ceeb-2453-430d-9785-a0e66157fa94/chat HTTP/1.1" 200 2292
2026-07-28 02:46:38,356  DEBUG  Starting new HTTP connection (1): target-app:3001
2026-07-28 02:46:50,897  DEBUG  http://target-app:3001 "POST /api/v1/workspace/5c70ceeb-2453-430d-9785-a0e66157fa94/chat HTTP/1.1" 200 2273
2026-07-28 02:46:50,904  DEBUG  Starting new HTTP connection (1): target-app:3001
2026-07-28 02:47:09,229  DEBUG  http://target-app:3001 "POST /api/v1/workspace/5c70ceeb-2453-430d-9785-a0e66157fa94/chat HTTP/1.1" 200 3555
2026-07-28 02:47:09,237  DEBUG  Starting new HTTP connection (1): target-app:3001
2026-07-28 02:47:10,990  DEBUG  http://target-app:3001 "POST /api/v1/workspace/5c70ceeb-2453-430d-9785-a0e66157fa94/chat HTTP/1.1" 200 2274
2026-07-28 02:47:11,047  DEBUG  Starting new HTTP connection (1): target-app:3001
2026-07-28 02:47:12,938  DEBUG  http://target-app:3001 "POST /api/v1/workspace/5c70ceeb-2453-430d-9785-a0e66157fa94/chat HTTP/1.1" 200 2903
2026-07-28 02:47:12,962  DEBUG  Starting new HTTP connection (1): target-app:3001
2026-07-28 02:47:22,925  DEBUG  http://target-app:3001 "POST /api/v1/workspace/5c70ceeb-2453-430d-9785-a0e66157fa94/chat HTTP/1.1" 200 2738
2026-07-28 02:47:22,950  DEBUG  Starting new HTTP connection (1): target-app:3001
2026-07-28 02:47:26,081  DEBUG  http://target-app:3001 "POST /api/v1/workspace/5c70ceeb-2453-430d-9785-a0e66157fa94/chat HTTP/1.1" 200 2736
2026-07-28 02:47:26,110  DEBUG  Starting new HTTP connection (1): target-app:3001
2026-07-28 02:47:52,379  DEBUG  http://target-app:3001 "POST /api/v1/workspace/5c70ceeb-2453-430d-9785-a0e66157fa94/chat HTTP/1.1" 200 2721
2026-07-28 02:47:52,429  DEBUG  Starting new HTTP connection (1): target-app:3001
2026-07-28 02:48:00,070  DEBUG  http://target-app:3001 "POST /api/v1/workspace/5c70ceeb-2453-430d-9785-a0e66157fa94/chat HTTP/1.1" 200 3551
2026-07-28 02:48:00,108  DEBUG  Starting new HTTP connection (1): target-app:3001
2026-07-28 02:48:08,770  DEBUG  http://target-app:3001 "POST /api/v1/workspace/5c70ceeb-2453-430d-9785-a0e66157fa94/chat HTTP/1.1" 200 2721
2026-07-28 02:48:08,812  DEBUG  Starting new HTTP connection (1): target-app:3001
2026-07-28 02:48:10,780  DEBUG  http://target-app:3001 "POST /api/v1/workspace/5c70ceeb-2453-430d-9785-a0e66157fa94/chat HTTP/1.1" 200 2721
2026-07-28 02:48:10,787  DEBUG  Starting new HTTP connection (1): target-app:3001
2026-07-28 02:48:22,087  DEBUG  http://target-app:3001 "POST /api/v1/workspace/5c70ceeb-2453-430d-9785-a0e66157fa94/chat HTTP/1.1" 200 2722
2026-07-28 02:48:22,096  DEBUG  Starting new HTTP connection (1): target-app:3001
2026-07-28 02:48:28,666  DEBUG  http://target-app:3001 "POST /api/v1/workspace/5c70ceeb-2453-430d-9785-a0e66157fa94/chat HTTP/1.1" 200 2740
2026-07-28 02:48:28,680  DEBUG  Starting new HTTP connection (1): target-app:3001
2026-07-28 02:48:35,497  DEBUG  http://target-app:3001 "POST /api/v1/workspace/5c70ceeb-2453-430d-9785-a0e66157fa94/chat HTTP/1.1" 200 3107
2026-07-28 02:48:35,506  DEBUG  Starting new HTTP connection (1): target-app:3001
2026-07-28 02:48:45,487  DEBUG  http://target-app:3001 "POST /api/v1/workspace/5c70ceeb-2453-430d-9785-a0e66157fa94/chat HTTP/1.1" 200 3555
2026-07-28 02:48:45,505  DEBUG  Starting new HTTP connection (1): target-app:3001
2026-07-28 02:48:53,770  DEBUG  http://target-app:3001 "POST /api/v1/workspace/5c70ceeb-2453-430d-9785-a0e66157fa94/chat HTTP/1.1" 200 2739
2026-07-28 02:48:53,907  DEBUG  Starting new HTTP connection (1): target-app:3001
2026-07-28 02:49:05,376  DEBUG  http://target-app:3001 "POST /api/v1/workspace/5c70ceeb-2453-430d-9785-a0e66157fa94/chat HTTP/1.1" 200 3554
2026-07-28 02:49:05,390  DEBUG  Starting new HTTP connection (1): target-app:3001
2026-07-28 02:49:10,277  DEBUG  http://target-app:3001 "POST /api/v1/workspace/5c70ceeb-2453-430d-9785-a0e66157fa94/chat HTTP/1.1" 200 3555
2026-07-28 02:49:10,297  DEBUG  Starting new HTTP connection (1): target-app:3001
2026-07-28 02:49:19,981  DEBUG  http://target-app:3001 "POST /api/v1/workspace/5c70ceeb-2453-430d-9785-a0e66157fa94/chat HTTP/1.1" 200 3555
2026-07-28 02:49:19,997  DEBUG  Starting new HTTP connection (1): target-app:3001
2026-07-28 02:49:30,593  DEBUG  http://target-app:3001 "POST /api/v1/workspace/5c70ceeb-2453-430d-9785-a0e66157fa94/chat HTTP/1.1" 200 3105
2026-07-28 02:49:30,602  DEBUG  Starting new HTTP connection (1): target-app:3001
2026-07-28 02:49:34,177  DEBUG  http://target-app:3001 "POST /api/v1/workspace/5c70ceeb-2453-430d-9785-a0e66157fa94/chat HTTP/1.1" 200 3554
2026-07-28 02:49:34,183  DEBUG  Starting new HTTP connection (1): target-app:3001
2026-07-28 02:49:37,467  DEBUG  http://target-app:3001 "POST /api/v1/workspace/5c70ceeb-2453-430d-9785-a0e66157fa94/chat HTTP/1.1" 200 3555
2026-07-28 02:49:37,473  DEBUG  Starting new HTTP connection (1): target-app:3001
2026-07-28 02:49:48,299  DEBUG  http://target-app:3001 "POST /api/v1/workspace/5c70ceeb-2453-430d-9785-a0e66157fa94/chat HTTP/1.1" 200 2968
2026-07-28 02:49:48,305  DEBUG  Starting new HTTP connection (1): target-app:3001
2026-07-28 02:49:58,297  DEBUG  http://target-app:3001 "POST /api/v1/workspace/5c70ceeb-2453-430d-9785-a0e66157fa94/chat HTTP/1.1" 200 3554
2026-07-28 02:49:58,302  DEBUG  Starting new HTTP connection (1): target-app:3001
2026-07-28 02:50:06,777  DEBUG  http://target-app:3001 "POST /api/v1/workspace/5c70ceeb-2453-430d-9785-a0e66157fa94/chat HTTP/1.1" 200 2740
2026-07-28 02:50:06,783  DEBUG  Starting new HTTP connection (1): target-app:3001
2026-07-28 02:50:11,359  DEBUG  http://target-app:3001 "POST /api/v1/workspace/5c70ceeb-2453-430d-9785-a0e66157fa94/chat HTTP/1.1" 200 2749
2026-07-28 02:50:11,366  DEBUG  Starting new HTTP connection (1): target-app:3001
2026-07-28 02:50:25,741  DEBUG  http://target-app:3001 "POST /api/v1/workspace/5c70ceeb-2453-430d-9785-a0e66157fa94/chat HTTP/1.1" 200 3198
2026-07-28 02:50:25,773  DEBUG  Starting new HTTP connection (1): target-app:3001
2026-07-28 02:50:38,805  DEBUG  http://target-app:3001 "POST /api/v1/workspace/5c70ceeb-2453-430d-9785-a0e66157fa94/chat HTTP/1.1" 200 2902
2026-07-28 02:50:38,817  DEBUG  Starting new HTTP connection (1): target-app:3001
2026-07-28 02:50:43,188  DEBUG  http://target-app:3001 "POST /api/v1/workspace/5c70ceeb-2453-430d-9785-a0e66157fa94/chat HTTP/1.1" 200 2447
2026-07-28 02:50:43,206  DEBUG  Starting new HTTP connection (1): target-app:3001
2026-07-28 02:50:58,568  DEBUG  http://target-app:3001 "POST /api/v1/workspace/5c70ceeb-2453-430d-9785-a0e66157fa94/chat HTTP/1.1" 200 3553
2026-07-28 02:50:58,579  DEBUG  Starting new HTTP connection (1): target-app:3001
2026-07-28 02:51:00,496  DEBUG  http://target-app:3001 "POST /api/v1/workspace/5c70ceeb-2453-430d-9785-a0e66157fa94/chat HTTP/1.1" 200 3554
2026-07-28 02:51:00,501  DEBUG  Starting new HTTP connection (1): target-app:3001
2026-07-28 02:51:09,740  DEBUG  http://target-app:3001 "POST /api/v1/workspace/5c70ceeb-2453-430d-9785-a0e66157fa94/chat HTTP/1.1" 200 3554
2026-07-28 02:51:09,746  DEBUG  Starting new HTTP connection (1): target-app:3001
2026-07-28 02:51:15,060  DEBUG  http://target-app:3001 "POST /api/v1/workspace/5c70ceeb-2453-430d-9785-a0e66157fa94/chat HTTP/1.1" 200 2741
2026-07-28 02:51:15,067  DEBUG  Starting new HTTP connection (1): target-app:3001
2026-07-28 02:51:22,525  DEBUG  http://target-app:3001 "POST /api/v1/workspace/5c70ceeb-2453-430d-9785-a0e66157fa94/chat HTTP/1.1" 200 2723
2026-07-28 02:51:22,531  DEBUG  Starting new HTTP connection (1): target-app:3001
2026-07-28 02:51:29,298  DEBUG  http://target-app:3001 "POST /api/v1/workspace/5c70ceeb-2453-430d-9785-a0e66157fa94/chat HTTP/1.1" 200 2723
2026-07-28 02:51:29,303  DEBUG  Starting new HTTP connection (1): target-app:3001
2026-07-28 02:51:36,978  DEBUG  http://target-app:3001 "POST /api/v1/workspace/5c70ceeb-2453-430d-9785-a0e66157fa94/chat HTTP/1.1" 200 3555
2026-07-28 02:51:36,984  DEBUG  Starting new HTTP connection (1): target-app:3001
2026-07-28 02:51:40,746  DEBUG  http://target-app:3001 "POST /api/v1/workspace/5c70ceeb-2453-430d-9785-a0e66157fa94/chat HTTP/1.1" 200 2786
2026-07-28 02:51:40,753  DEBUG  Starting new HTTP connection (1): target-app:3001
2026-07-28 02:51:53,999  DEBUG  http://target-app:3001 "POST /api/v1/workspace/5c70ceeb-2453-430d-9785-a0e66157fa94/chat HTTP/1.1" 200 2930
2026-07-28 02:51:54,029  DEBUG  Starting new HTTP connection (1): target-app:3001
2026-07-28 02:52:09,043  DEBUG  http://target-app:3001 "POST /api/v1/workspace/5c70ceeb-2453-430d-9785-a0e66157fa94/chat HTTP/1.1" 200 3554
2026-07-28 02:52:09,055  DEBUG  Starting new HTTP connection (1): target-app:3001
2026-07-28 02:52:13,015  DEBUG  http://target-app:3001 "POST /api/v1/workspace/5c70ceeb-2453-430d-9785-a0e66157fa94/chat HTTP/1.1" 200 2959
2026-07-28 02:52:13,025  DEBUG  Starting new HTTP connection (1): target-app:3001
2026-07-28 02:52:18,985  DEBUG  http://target-app:3001 "POST /api/v1/workspace/5c70ceeb-2453-430d-9785-a0e66157fa94/chat HTTP/1.1" 200 2429
2026-07-28 02:52:19,001  DEBUG  Starting new HTTP connection (1): target-app:3001
2026-07-28 02:52:28,367  DEBUG  http://target-app:3001 "POST /api/v1/workspace/5c70ceeb-2453-430d-9785-a0e66157fa94/chat HTTP/1.1" 200 2723
2026-07-28 02:52:28,375  DEBUG  Starting new HTTP connection (1): target-app:3001
2026-07-28 02:52:31,555  DEBUG  http://target-app:3001 "POST /api/v1/workspace/5c70ceeb-2453-430d-9785-a0e66157fa94/chat HTTP/1.1" 200 3554
2026-07-28 02:52:31,562  DEBUG  Starting new HTTP connection (1): target-app:3001
2026-07-28 02:52:34,752  DEBUG  http://target-app:3001 "POST /api/v1/workspace/5c70ceeb-2453-430d-9785-a0e66157fa94/chat HTTP/1.1" 200 2722
2026-07-28 02:52:34,759  DEBUG  Starting new HTTP connection (1): target-app:3001
2026-07-28 02:52:40,816  DEBUG  http://target-app:3001 "POST /api/v1/workspace/5c70ceeb-2453-430d-9785-a0e66157fa94/chat HTTP/1.1" 200 2740
2026-07-28 02:52:40,822  DEBUG  Starting new HTTP connection (1): target-app:3001
2026-07-28 02:52:57,267  DEBUG  http://target-app:3001 "POST /api/v1/workspace/5c70ceeb-2453-430d-9785-a0e66157fa94/chat HTTP/1.1" 200 3555
2026-07-28 02:52:57,273  DEBUG  Starting new HTTP connection (1): target-app:3001
2026-07-28 02:53:01,794  DEBUG  http://target-app:3001 "POST /api/v1/workspace/5c70ceeb-2453-430d-9785-a0e66157fa94/chat HTTP/1.1" 200 3090
2026-07-28 02:53:01,803  DEBUG  Starting new HTTP connection (1): target-app:3001
2026-07-28 02:53:12,197  DEBUG  http://target-app:3001 "POST /api/v1/workspace/5c70ceeb-2453-430d-9785-a0e66157fa94/chat HTTP/1.1" 200 2785
2026-07-28 02:53:12,205  DEBUG  Starting new HTTP connection (1): target-app:3001
2026-07-28 02:53:13,995  DEBUG  http://target-app:3001 "POST /api/v1/workspace/5c70ceeb-2453-430d-9785-a0e66157fa94/chat HTTP/1.1" 200 3555
2026-07-28 02:53:14,005  DEBUG  Starting new HTTP connection (1): target-app:3001
2026-07-28 02:53:20,733  DEBUG  http://target-app:3001 "POST /api/v1/workspace/5c70ceeb-2453-430d-9785-a0e66157fa94/chat HTTP/1.1" 200 2330
2026-07-28 02:53:20,755  DEBUG  Starting new HTTP connection (1): target-app:3001
2026-07-28 02:53:31,197  DEBUG  http://target-app:3001 "POST /api/v1/workspace/5c70ceeb-2453-430d-9785-a0e66157fa94/chat HTTP/1.1" 200 3555
2026-07-28 02:53:31,210  DEBUG  Starting new HTTP connection (1): target-app:3001
2026-07-28 02:53:36,799  DEBUG  http://target-app:3001 "POST /api/v1/workspace/5c70ceeb-2453-430d-9785-a0e66157fa94/chat HTTP/1.1" 200 3097
2026-07-28 02:53:36,811  DEBUG  Starting new HTTP connection (1): target-app:3001
2026-07-28 02:53:39,144  DEBUG  http://target-app:3001 "POST /api/v1/workspace/5c70ceeb-2453-430d-9785-a0e66157fa94/chat HTTP/1.1" 200 2737
2026-07-28 02:53:39,155  DEBUG  Starting new HTTP connection (1): target-app:3001
2026-07-28 02:53:41,594  DEBUG  http://target-app:3001 "POST /api/v1/workspace/5c70ceeb-2453-430d-9785-a0e66157fa94/chat HTTP/1.1" 200 3555
2026-07-28 02:53:41,602  DEBUG  Starting new HTTP connection (1): target-app:3001
2026-07-28 02:53:49,757  DEBUG  http://target-app:3001 "POST /api/v1/workspace/5c70ceeb-2453-430d-9785-a0e66157fa94/chat HTTP/1.1" 200 3555
2026-07-28 02:53:49,763  DEBUG  Starting new HTTP connection (1): target-app:3001
2026-07-28 02:53:58,543  DEBUG  http://target-app:3001 "POST /api/v1/workspace/5c70ceeb-2453-430d-9785-a0e66157fa94/chat HTTP/1.1" 200 3554
2026-07-28 02:53:58,548  DEBUG  Starting new HTTP connection (1): target-app:3001
2026-07-28 02:54:05,566  DEBUG  http://target-app:3001 "POST /api/v1/workspace/5c70ceeb-2453-430d-9785-a0e66157fa94/chat HTTP/1.1" 200 3113
2026-07-28 02:54:05,572  DEBUG  Starting new HTTP connection (1): target-app:3001
2026-07-28 02:54:06,805  DEBUG  http://target-app:3001 "POST /api/v1/workspace/5c70ceeb-2453-430d-9785-a0e66157fa94/chat HTTP/1.1" 200 2274
2026-07-28 02:54:06,810  DEBUG  Starting new HTTP connection (1): target-app:3001
2026-07-28 02:54:17,504  DEBUG  http://target-app:3001 "POST /api/v1/workspace/5c70ceeb-2453-430d-9785-a0e66157fa94/chat HTTP/1.1" 200 2922
2026-07-28 02:54:17,518  DEBUG  Starting new HTTP connection (1): target-app:3001
2026-07-28 02:54:19,974  DEBUG  http://target-app:3001 "POST /api/v1/workspace/5c70ceeb-2453-430d-9785-a0e66157fa94/chat HTTP/1.1" 200 2731
2026-07-28 02:54:19,983  DEBUG  Starting new HTTP connection (1): target-app:3001
2026-07-28 02:54:24,313  DEBUG  http://target-app:3001 "POST /api/v1/workspace/5c70ceeb-2453-430d-9785-a0e66157fa94/chat HTTP/1.1" 200 3554
2026-07-28 02:54:24,324  DEBUG  Starting new HTTP connection (1): target-app:3001
2026-07-28 02:54:28,388  DEBUG  http://target-app:3001 "POST /api/v1/workspace/5c70ceeb-2453-430d-9785-a0e66157fa94/chat HTTP/1.1" 200 2748
2026-07-28 02:54:28,400  DEBUG  Starting new HTTP connection (1): target-app:3001
2026-07-28 02:54:41,767  DEBUG  http://target-app:3001 "POST /api/v1/workspace/5c70ceeb-2453-430d-9785-a0e66157fa94/chat HTTP/1.1" 200 3098
2026-07-28 02:54:41,780  DEBUG  Starting new HTTP connection (1): target-app:3001
2026-07-28 02:54:46,322  DEBUG  http://target-app:3001 "POST /api/v1/workspace/5c70ceeb-2453-430d-9785-a0e66157fa94/chat HTTP/1.1" 200 2723
2026-07-28 02:54:46,327  DEBUG  Starting new HTTP connection (1): target-app:3001
2026-07-28 02:54:50,159  DEBUG  http://target-app:3001 "POST /api/v1/workspace/5c70ceeb-2453-430d-9785-a0e66157fa94/chat HTTP/1.1" 200 3554
2026-07-28 02:54:50,164  DEBUG  Starting new HTTP connection (1): target-app:3001
2026-07-28 02:54:53,599  DEBUG  http://target-app:3001 "POST /api/v1/workspace/5c70ceeb-2453-430d-9785-a0e66157fa94/chat HTTP/1.1" 200 2446
2026-07-28 02:54:53,613  DEBUG  Starting new HTTP connection (1): target-app:3001
2026-07-28 02:55:01,140  DEBUG  http://target-app:3001 "POST /api/v1/workspace/5c70ceeb-2453-430d-9785-a0e66157fa94/chat HTTP/1.1" 200 3554
2026-07-28 02:55:01,146  DEBUG  Starting new HTTP connection (1): target-app:3001
2026-07-28 02:55:04,425  DEBUG  http://target-app:3001 "POST /api/v1/workspace/5c70ceeb-2453-430d-9785-a0e66157fa94/chat HTTP/1.1" 200 3127
2026-07-28 02:55:04,430  DEBUG  Starting new HTTP connection (1): target-app:3001
2026-07-28 02:55:05,778  DEBUG  http://target-app:3001 "POST /api/v1/workspace/5c70ceeb-2453-430d-9785-a0e66157fa94/chat HTTP/1.1" 200 3555
2026-07-28 02:55:05,784  DEBUG  Starting new HTTP connection (1): target-app:3001
2026-07-28 02:55:08,210  DEBUG  http://target-app:3001 "POST /api/v1/workspace/5c70ceeb-2453-430d-9785-a0e66157fa94/chat HTTP/1.1" 200 3574
2026-07-28 02:55:08,217  DEBUG  Starting new HTTP connection (1): target-app:3001
2026-07-28 02:55:10,467  DEBUG  http://target-app:3001 "POST /api/v1/workspace/5c70ceeb-2453-430d-9785-a0e66157fa94/chat HTTP/1.1" 200 2723
2026-07-28 02:55:10,473  DEBUG  Starting new HTTP connection (1): target-app:3001
2026-07-28 02:55:13,372  DEBUG  http://target-app:3001 "POST /api/v1/workspace/5c70ceeb-2453-430d-9785-a0e66157fa94/chat HTTP/1.1" 200 2749
2026-07-28 02:55:13,380  DEBUG  Starting new HTTP connection (1): target-app:3001
2026-07-28 02:55:14,657  DEBUG  http://target-app:3001 "POST /api/v1/workspace/5c70ceeb-2453-430d-9785-a0e66157fa94/chat HTTP/1.1" 200 2757
2026-07-28 02:55:14,665  DEBUG  Starting new HTTP connection (1): target-app:3001
2026-07-28 02:55:16,359  DEBUG  http://target-app:3001 "POST /api/v1/workspace/5c70ceeb-2453-430d-9785-a0e66157fa94/chat HTTP/1.1" 200 3555
2026-07-28 02:55:16,369  DEBUG  Starting new HTTP connection (1): target-app:3001
2026-07-28 02:55:18,026  DEBUG  http://target-app:3001 "POST /api/v1/workspace/5c70ceeb-2453-430d-9785-a0e66157fa94/chat HTTP/1.1" 200 3097
2026-07-28 02:55:18,032  DEBUG  Starting new HTTP connection (1): target-app:3001
2026-07-28 02:55:19,776  DEBUG  http://target-app:3001 "POST /api/v1/workspace/5c70ceeb-2453-430d-9785-a0e66157fa94/chat HTTP/1.1" 200 2724
2026-07-28 02:55:19,781  DEBUG  Starting new HTTP connection (1): target-app:3001
2026-07-28 02:55:21,048  DEBUG  http://target-app:3001 "POST /api/v1/workspace/5c70ceeb-2453-430d-9785-a0e66157fa94/chat HTTP/1.1" 200 3555
2026-07-28 02:55:21,055  DEBUG  Starting new HTTP connection (1): target-app:3001
2026-07-28 02:55:22,447  DEBUG  http://target-app:3001 "POST /api/v1/workspace/5c70ceeb-2453-430d-9785-a0e66157fa94/chat HTTP/1.1" 200 2740
2026-07-28 02:55:22,456  DEBUG  Starting new HTTP connection (1): target-app:3001
2026-07-28 02:55:24,638  DEBUG  http://target-app:3001 "POST /api/v1/workspace/5c70ceeb-2453-430d-9785-a0e66157fa94/chat HTTP/1.1" 200 2723
2026-07-28 02:55:24,643  DEBUG  Starting new HTTP connection (1): target-app:3001
2026-07-28 02:55:26,357  DEBUG  http://target-app:3001 "POST /api/v1/workspace/5c70ceeb-2453-430d-9785-a0e66157fa94/chat HTTP/1.1" 200 3554
2026-07-28 02:55:26,361  DEBUG  Starting new HTTP connection (1): target-app:3001
2026-07-28 02:55:27,700  DEBUG  http://target-app:3001 "POST /api/v1/workspace/5c70ceeb-2453-430d-9785-a0e66157fa94/chat HTTP/1.1" 200 3555
2026-07-28 02:55:27,704  DEBUG  Starting new HTTP connection (1): target-app:3001
2026-07-28 02:55:31,955  DEBUG  http://target-app:3001 "POST /api/v1/workspace/5c70ceeb-2453-430d-9785-a0e66157fa94/chat HTTP/1.1" 200 3554
2026-07-28 02:55:31,963  DEBUG  Starting new HTTP connection (1): target-app:3001
2026-07-28 02:55:36,925  DEBUG  http://target-app:3001 "POST /api/v1/workspace/5c70ceeb-2453-430d-9785-a0e66157fa94/chat HTTP/1.1" 200 2970
2026-07-28 02:55:36,932  DEBUG  Starting new HTTP connection (1): target-app:3001
2026-07-28 02:55:39,690  DEBUG  http://target-app:3001 "POST /api/v1/workspace/5c70ceeb-2453-430d-9785-a0e66157fa94/chat HTTP/1.1" 200 2375
2026-07-28 02:55:39,699  DEBUG  Starting new HTTP connection (1): target-app:3001
2026-07-28 02:55:41,990  DEBUG  http://target-app:3001 "POST /api/v1/workspace/5c70ceeb-2453-430d-9785-a0e66157fa94/chat HTTP/1.1" 200 2723
2026-07-28 02:55:41,998  DEBUG  Starting new HTTP connection (1): target-app:3001
2026-07-28 02:55:43,551  DEBUG  http://target-app:3001 "POST /api/v1/workspace/5c70ceeb-2453-430d-9785-a0e66157fa94/chat HTTP/1.1" 200 3106
2026-07-28 02:55:43,557  DEBUG  Starting new HTTP connection (1): target-app:3001
2026-07-28 02:55:48,602  DEBUG  http://target-app:3001 "POST /api/v1/workspace/5c70ceeb-2453-430d-9785-a0e66157fa94/chat HTTP/1.1" 200 3554
2026-07-28 02:55:48,609  DEBUG  Starting new HTTP connection (1): target-app:3001
2026-07-28 02:55:50,015  DEBUG  http://target-app:3001 "POST /api/v1/workspace/5c70ceeb-2453-430d-9785-a0e66157fa94/chat HTTP/1.1" 200 2794
2026-07-28 02:55:50,019  DEBUG  Starting new HTTP connection (1): target-app:3001
2026-07-28 02:55:56,738  DEBUG  http://target-app:3001 "POST /api/v1/workspace/5c70ceeb-2453-430d-9785-a0e66157fa94/chat HTTP/1.1" 200 2927
2026-07-28 02:55:56,743  DEBUG  Starting new HTTP connection (1): target-app:3001
2026-07-28 02:56:00,331  DEBUG  http://target-app:3001 "POST /api/v1/workspace/5c70ceeb-2453-430d-9785-a0e66157fa94/chat HTTP/1.1" 200 2740
2026-07-28 02:56:00,344  DEBUG  Starting new HTTP connection (1): target-app:3001
2026-07-28 02:56:03,442  DEBUG  http://target-app:3001 "POST /api/v1/workspace/5c70ceeb-2453-430d-9785-a0e66157fa94/chat HTTP/1.1" 200 3554
2026-07-28 02:56:03,448  DEBUG  Starting new HTTP connection (1): target-app:3001
2026-07-28 02:56:06,926  DEBUG  http://target-app:3001 "POST /api/v1/workspace/5c70ceeb-2453-430d-9785-a0e66157fa94/chat HTTP/1.1" 200 3554
2026-07-28 02:56:06,933  DEBUG  Starting new HTTP connection (1): target-app:3001
2026-07-28 02:56:08,449  DEBUG  http://target-app:3001 "POST /api/v1/workspace/5c70ceeb-2453-430d-9785-a0e66157fa94/chat HTTP/1.1" 200 3555
2026-07-28 02:56:08,454  DEBUG  Starting new HTTP connection (1): target-app:3001
2026-07-28 02:56:10,142  DEBUG  http://target-app:3001 "POST /api/v1/workspace/5c70ceeb-2453-430d-9785-a0e66157fa94/chat HTTP/1.1" 200 2968
2026-07-28 02:56:10,147  DEBUG  Starting new HTTP connection (1): target-app:3001
2026-07-28 02:56:12,428  DEBUG  http://target-app:3001 "POST /api/v1/workspace/5c70ceeb-2453-430d-9785-a0e66157fa94/chat HTTP/1.1" 200 2992
2026-07-28 02:56:12,460  DEBUG  Starting new HTTP connection (1): target-app:3001
2026-07-28 02:56:15,095  DEBUG  http://target-app:3001 "POST /api/v1/workspace/5c70ceeb-2453-430d-9785-a0e66157fa94/chat HTTP/1.1" 200 2930
2026-07-28 02:56:15,102  DEBUG  Starting new HTTP connection (1): target-app:3001
2026-07-28 02:56:16,667  DEBUG  http://target-app:3001 "POST /api/v1/workspace/5c70ceeb-2453-430d-9785-a0e66157fa94/chat HTTP/1.1" 200 2785
2026-07-28 02:56:17,626  DEBUG  Starting new HTTP connection (1): target-app:3001
2026-07-28 02:56:18,975  DEBUG  http://target-app:3001 "POST /api/v1/workspace/5c70ceeb-2453-430d-9785-a0e66157fa94/chat HTTP/1.1" 200 2968
2026-07-28 02:56:18,979  DEBUG  Starting new HTTP connection (1): target-app:3001
2026-07-28 02:56:20,263  DEBUG  http://target-app:3001 "POST /api/v1/workspace/5c70ceeb-2453-430d-9785-a0e66157fa94/chat HTTP/1.1" 200 2740
2026-07-28 02:56:20,267  DEBUG  Starting new HTTP connection (1): target-app:3001
2026-07-28 02:56:21,729  DEBUG  http://target-app:3001 "POST /api/v1/workspace/5c70ceeb-2453-430d-9785-a0e66157fa94/chat HTTP/1.1" 200 2737
2026-07-28 02:56:21,734  DEBUG  Starting new HTTP connection (1): target-app:3001
2026-07-28 02:56:24,246  DEBUG  http://target-app:3001 "POST /api/v1/workspace/5c70ceeb-2453-430d-9785-a0e66157fa94/chat HTTP/1.1" 200 3554
2026-07-28 02:56:24,251  DEBUG  Starting new HTTP connection (1): target-app:3001
2026-07-28 02:56:27,627  DEBUG  http://target-app:3001 "POST /api/v1/workspace/5c70ceeb-2453-430d-9785-a0e66157fa94/chat HTTP/1.1" 200 2739
2026-07-28 02:56:27,632  DEBUG  Starting new HTTP connection (1): target-app:3001
2026-07-28 02:56:29,087  DEBUG  http://target-app:3001 "POST /api/v1/workspace/5c70ceeb-2453-430d-9785-a0e66157fa94/chat HTTP/1.1" 200 2739
2026-07-28 02:56:29,091  DEBUG  Starting new HTTP connection (1): target-app:3001
2026-07-28 02:56:31,125  DEBUG  http://target-app:3001 "POST /api/v1/workspace/5c70ceeb-2453-430d-9785-a0e66157fa94/chat HTTP/1.1" 200 2722
2026-07-28 02:56:31,129  DEBUG  Starting new HTTP connection (1): target-app:3001
2026-07-28 02:56:33,247  DEBUG  http://target-app:3001 "POST /api/v1/workspace/5c70ceeb-2453-430d-9785-a0e66157fa94/chat HTTP/1.1" 200 2739
2026-07-28 02:56:33,252  DEBUG  Starting new HTTP connection (1): target-app:3001
2026-07-28 02:56:35,075  DEBUG  http://target-app:3001 "POST /api/v1/workspace/5c70ceeb-2453-430d-9785-a0e66157fa94/chat HTTP/1.1" 200 3554
2026-07-28 02:56:35,079  DEBUG  Starting new HTTP connection (1): target-app:3001
2026-07-28 02:56:39,720  DEBUG  http://target-app:3001 "POST /api/v1/workspace/5c70ceeb-2453-430d-9785-a0e66157fa94/chat HTTP/1.1" 200 2903
2026-07-28 02:56:39,724  DEBUG  Starting new HTTP connection (1): target-app:3001
2026-07-28 02:56:42,715  DEBUG  http://target-app:3001 "POST /api/v1/workspace/5c70ceeb-2453-430d-9785-a0e66157fa94/chat HTTP/1.1" 200 3555
2026-07-28 02:56:42,720  DEBUG  Starting new HTTP connection (1): target-app:3001
2026-07-28 02:56:44,607  DEBUG  http://target-app:3001 "POST /api/v1/workspace/5c70ceeb-2453-430d-9785-a0e66157fa94/chat HTTP/1.1" 200 2740
2026-07-28 02:56:44,611  DEBUG  Starting new HTTP connection (1): target-app:3001
2026-07-28 02:56:46,107  DEBUG  http://target-app:3001 "POST /api/v1/workspace/5c70ceeb-2453-430d-9785-a0e66157fa94/chat HTTP/1.1" 200 2741
2026-07-28 02:56:46,112  DEBUG  Starting new HTTP connection (1): target-app:3001
2026-07-28 02:56:49,617  DEBUG  http://target-app:3001 "POST /api/v1/workspace/5c70ceeb-2453-430d-9785-a0e66157fa94/chat HTTP/1.1" 200 2722
2026-07-28 02:56:49,622  DEBUG  Starting new HTTP connection (1): target-app:3001
2026-07-28 02:56:54,242  DEBUG  http://target-app:3001 "POST /api/v1/workspace/5c70ceeb-2453-430d-9785-a0e66157fa94/chat HTTP/1.1" 200 2970
2026-07-28 02:56:54,248  DEBUG  Starting new HTTP connection (1): target-app:3001
2026-07-28 02:56:59,189  DEBUG  http://target-app:3001 "POST /api/v1/workspace/5c70ceeb-2453-430d-9785-a0e66157fa94/chat HTTP/1.1" 200 3554
2026-07-28 02:56:59,194  DEBUG  Starting new HTTP connection (1): target-app:3001
2026-07-28 02:57:02,705  DEBUG  http://target-app:3001 "POST /api/v1/workspace/5c70ceeb-2453-430d-9785-a0e66157fa94/chat HTTP/1.1" 200 3553
2026-07-28 02:57:02,710  DEBUG  Starting new HTTP connection (1): target-app:3001
2026-07-28 02:57:11,997  DEBUG  http://target-app:3001 "POST /api/v1/workspace/5c70ceeb-2453-430d-9785-a0e66157fa94/chat HTTP/1.1" 200 3097
2026-07-28 02:57:12,002  DEBUG  Starting new HTTP connection (1): target-app:3001
2026-07-28 02:57:26,493  DEBUG  http://target-app:3001 "POST /api/v1/workspace/5c70ceeb-2453-430d-9785-a0e66157fa94/chat HTTP/1.1" 200 2926
2026-07-28 02:57:26,499  DEBUG  Starting new HTTP connection (1): target-app:3001
2026-07-28 02:57:30,743  DEBUG  http://target-app:3001 "POST /api/v1/workspace/5c70ceeb-2453-430d-9785-a0e66157fa94/chat HTTP/1.1" 200 3555
2026-07-28 02:57:30,748  DEBUG  Starting new HTTP connection (1): target-app:3001
2026-07-28 02:57:37,202  DEBUG  http://target-app:3001 "POST /api/v1/workspace/5c70ceeb-2453-430d-9785-a0e66157fa94/chat HTTP/1.1" 200 2788
2026-07-28 02:57:37,206  DEBUG  Starting new HTTP connection (1): target-app:3001
2026-07-28 02:57:40,052  DEBUG  http://target-app:3001 "POST /api/v1/workspace/5c70ceeb-2453-430d-9785-a0e66157fa94/chat HTTP/1.1" 200 2722
2026-07-28 02:57:40,057  DEBUG  Starting new HTTP connection (1): target-app:3001
2026-07-28 02:57:43,983  DEBUG  http://target-app:3001 "POST /api/v1/workspace/5c70ceeb-2453-430d-9785-a0e66157fa94/chat HTTP/1.1" 200 2723
2026-07-28 02:57:44,002  DEBUG  Starting new HTTP connection (1): target-app:3001
2026-07-28 02:57:58,554  DEBUG  http://target-app:3001 "POST /api/v1/workspace/5c70ceeb-2453-430d-9785-a0e66157fa94/chat HTTP/1.1" 200 2444
2026-07-28 02:57:58,558  DEBUG  Starting new HTTP connection (1): target-app:3001
2026-07-28 02:58:03,171  DEBUG  http://target-app:3001 "POST /api/v1/workspace/5c70ceeb-2453-430d-9785-a0e66157fa94/chat HTTP/1.1" 200 2931
2026-07-28 02:58:03,175  DEBUG  Starting new HTTP connection (1): target-app:3001
2026-07-28 02:58:06,316  DEBUG  http://target-app:3001 "POST /api/v1/workspace/5c70ceeb-2453-430d-9785-a0e66157fa94/chat HTTP/1.1" 200 2902
2026-07-28 02:58:06,321  DEBUG  Starting new HTTP connection (1): target-app:3001
2026-07-28 02:58:09,059  DEBUG  http://target-app:3001 "POST /api/v1/workspace/5c70ceeb-2453-430d-9785-a0e66157fa94/chat HTTP/1.1" 200 3107
2026-07-28 02:58:09,063  DEBUG  Starting new HTTP connection (1): target-app:3001
2026-07-28 02:58:13,771  DEBUG  http://target-app:3001 "POST /api/v1/workspace/5c70ceeb-2453-430d-9785-a0e66157fa94/chat HTTP/1.1" 200 3554
2026-07-28 02:58:13,780  DEBUG  Starting new HTTP connection (1): target-app:3001
2026-07-28 02:58:17,049  DEBUG  http://target-app:3001 "POST /api/v1/workspace/5c70ceeb-2453-430d-9785-a0e66157fa94/chat HTTP/1.1" 200 2739
2026-07-28 02:58:17,056  DEBUG  Starting new HTTP connection (1): target-app:3001
2026-07-28 02:58:20,854  DEBUG  http://target-app:3001 "POST /api/v1/workspace/5c70ceeb-2453-430d-9785-a0e66157fa94/chat HTTP/1.1" 200 2738
2026-07-28 02:58:20,861  DEBUG  Starting new HTTP connection (1): target-app:3001
2026-07-28 02:58:30,283  DEBUG  http://target-app:3001 "POST /api/v1/workspace/5c70ceeb-2453-430d-9785-a0e66157fa94/chat HTTP/1.1" 200 3555
2026-07-28 02:58:30,296  DEBUG  Starting new HTTP connection (1): target-app:3001
2026-07-28 02:58:32,833  DEBUG  http://target-app:3001 "POST /api/v1/workspace/5c70ceeb-2453-430d-9785-a0e66157fa94/chat HTTP/1.1" 200 2275
2026-07-28 02:58:32,869  DEBUG  Starting new HTTP connection (1): target-app:3001
2026-07-28 02:58:40,798  DEBUG  http://target-app:3001 "POST /api/v1/workspace/5c70ceeb-2453-430d-9785-a0e66157fa94/chat HTTP/1.1" 200 2741
2026-07-28 02:58:40,811  DEBUG  Starting new HTTP connection (1): target-app:3001
2026-07-28 02:58:42,667  DEBUG  http://target-app:3001 "POST /api/v1/workspace/5c70ceeb-2453-430d-9785-a0e66157fa94/chat HTTP/1.1" 200 3106
2026-07-28 02:58:42,674  DEBUG  Starting new HTTP connection (1): target-app:3001
2026-07-28 02:58:44,126  DEBUG  http://target-app:3001 "POST /api/v1/workspace/5c70ceeb-2453-430d-9785-a0e66157fa94/chat HTTP/1.1" 200 2268
2026-07-28 02:58:44,130  DEBUG  Starting new HTTP connection (1): target-app:3001
2026-07-28 02:58:45,497  DEBUG  http://target-app:3001 "POST /api/v1/workspace/5c70ceeb-2453-430d-9785-a0e66157fa94/chat HTTP/1.1" 200 3091
2026-07-28 02:58:45,502  DEBUG  Starting new HTTP connection (1): target-app:3001
2026-07-28 02:58:50,735  DEBUG  http://target-app:3001 "POST /api/v1/workspace/5c70ceeb-2453-430d-9785-a0e66157fa94/chat HTTP/1.1" 200 2264
2026-07-28 02:58:50,741  DEBUG  Starting new HTTP connection (1): target-app:3001
2026-07-28 02:59:03,022  DEBUG  http://target-app:3001 "POST /api/v1/workspace/5c70ceeb-2453-430d-9785-a0e66157fa94/chat HTTP/1.1" 200 3112
2026-07-28 02:59:03,029  DEBUG  Starting new HTTP connection (1): target-app:3001
2026-07-28 02:59:08,982  DEBUG  http://target-app:3001 "POST /api/v1/workspace/5c70ceeb-2453-430d-9785-a0e66157fa94/chat HTTP/1.1" 200 2739
2026-07-28 02:59:08,986  DEBUG  Starting new HTTP connection (1): target-app:3001
2026-07-28 02:59:11,876  DEBUG  http://target-app:3001 "POST /api/v1/workspace/5c70ceeb-2453-430d-9785-a0e66157fa94/chat HTTP/1.1" 200 2740
2026-07-28 02:59:11,883  DEBUG  Starting new HTTP connection (1): target-app:3001
2026-07-28 02:59:18,928  DEBUG  http://target-app:3001 "POST /api/v1/workspace/5c70ceeb-2453-430d-9785-a0e66157fa94/chat HTTP/1.1" 200 2785
2026-07-28 02:59:18,938  DEBUG  Starting new HTTP connection (1): target-app:3001
2026-07-28 02:59:26,661  DEBUG  http://target-app:3001 "POST /api/v1/workspace/5c70ceeb-2453-430d-9785-a0e66157fa94/chat HTTP/1.1" 200 3554
2026-07-28 02:59:26,791  DEBUG  Starting new HTTP connection (1): target-app:3001
2026-07-28 02:59:32,133  DEBUG  http://target-app:3001 "POST /api/v1/workspace/5c70ceeb-2453-430d-9785-a0e66157fa94/chat HTTP/1.1" 200 2901
2026-07-28 02:59:32,148  DEBUG  Starting new HTTP connection (1): target-app:3001
2026-07-28 02:59:43,495  DEBUG  http://target-app:3001 "POST /api/v1/workspace/5c70ceeb-2453-430d-9785-a0e66157fa94/chat HTTP/1.1" 200 2268
2026-07-28 02:59:43,523  DEBUG  Starting new HTTP connection (1): target-app:3001
2026-07-28 02:59:47,284  DEBUG  http://target-app:3001 "POST /api/v1/workspace/5c70ceeb-2453-430d-9785-a0e66157fa94/chat HTTP/1.1" 200 2442
2026-07-28 02:59:47,310  DEBUG  Starting new HTTP connection (1): target-app:3001
2026-07-28 02:59:51,782  DEBUG  http://target-app:3001 "POST /api/v1/workspace/5c70ceeb-2453-430d-9785-a0e66157fa94/chat HTTP/1.1" 200 2740
2026-07-28 02:59:51,788  DEBUG  Starting new HTTP connection (1): target-app:3001
2026-07-28 02:59:55,140  DEBUG  http://target-app:3001 "POST /api/v1/workspace/5c70ceeb-2453-430d-9785-a0e66157fa94/chat HTTP/1.1" 200 3126
2026-07-28 02:59:55,146  DEBUG  Starting new HTTP connection (1): target-app:3001
2026-07-28 02:59:56,855  DEBUG  http://target-app:3001 "POST /api/v1/workspace/5c70ceeb-2453-430d-9785-a0e66157fa94/chat HTTP/1.1" 200 2722
2026-07-28 02:59:56,859  DEBUG  Starting new HTTP connection (1): target-app:3001
2026-07-28 03:00:04,683  DEBUG  http://target-app:3001 "POST /api/v1/workspace/5c70ceeb-2453-430d-9785-a0e66157fa94/chat HTTP/1.1" 200 2902
2026-07-28 03:00:04,689  DEBUG  Starting new HTTP connection (1): target-app:3001
2026-07-28 03:00:08,322  DEBUG  http://target-app:3001 "POST /api/v1/workspace/5c70ceeb-2453-430d-9785-a0e66157fa94/chat HTTP/1.1" 200 3884
2026-07-28 03:00:08,328  DEBUG  Starting new HTTP connection (1): target-app:3001
2026-07-28 03:00:12,045  DEBUG  http://target-app:3001 "POST /api/v1/workspace/5c70ceeb-2453-430d-9785-a0e66157fa94/chat HTTP/1.1" 200 2740
2026-07-28 03:00:12,069  DEBUG  Starting new HTTP connection (1): target-app:3001
2026-07-28 03:00:20,120  DEBUG  http://target-app:3001 "POST /api/v1/workspace/5c70ceeb-2453-430d-9785-a0e66157fa94/chat HTTP/1.1" 200 2721
2026-07-28 03:00:20,129  DEBUG  Starting new HTTP connection (1): target-app:3001
2026-07-28 03:00:24,009  DEBUG  http://target-app:3001 "POST /api/v1/workspace/5c70ceeb-2453-430d-9785-a0e66157fa94/chat HTTP/1.1" 200 3126
2026-07-28 03:00:24,015  DEBUG  Starting new HTTP connection (1): target-app:3001
2026-07-28 03:00:30,816  DEBUG  http://target-app:3001 "POST /api/v1/workspace/5c70ceeb-2453-430d-9785-a0e66157fa94/chat HTTP/1.1" 200 2720
2026-07-28 03:00:30,828  DEBUG  Starting new HTTP connection (1): target-app:3001
2026-07-28 03:00:34,935  DEBUG  http://target-app:3001 "POST /api/v1/workspace/5c70ceeb-2453-430d-9785-a0e66157fa94/chat HTTP/1.1" 200 3556
2026-07-28 03:00:34,945  DEBUG  Starting new HTTP connection (1): target-app:3001
2026-07-28 03:00:38,327  DEBUG  http://target-app:3001 "POST /api/v1/workspace/5c70ceeb-2453-430d-9785-a0e66157fa94/chat HTTP/1.1" 200 3553
2026-07-28 03:00:38,341  DEBUG  Starting new HTTP connection (1): target-app:3001
2026-07-28 03:00:46,183  DEBUG  http://target-app:3001 "POST /api/v1/workspace/5c70ceeb-2453-430d-9785-a0e66157fa94/chat HTTP/1.1" 200 3095
2026-07-28 03:00:46,188  DEBUG  Starting new HTTP connection (1): target-app:3001
2026-07-28 03:00:50,088  DEBUG  http://target-app:3001 "POST /api/v1/workspace/5c70ceeb-2453-430d-9785-a0e66157fa94/chat HTTP/1.1" 200 3554
2026-07-28 03:00:50,093  DEBUG  Starting new HTTP connection (1): target-app:3001
2026-07-28 03:00:52,894  DEBUG  http://target-app:3001 "POST /api/v1/workspace/5c70ceeb-2453-430d-9785-a0e66157fa94/chat HTTP/1.1" 200 3553
2026-07-28 03:00:52,904  DEBUG  Starting new HTTP connection (1): target-app:3001
2026-07-28 03:01:08,039  DEBUG  http://target-app:3001 "POST /api/v1/workspace/5c70ceeb-2453-430d-9785-a0e66157fa94/chat HTTP/1.1" 200 2724
2026-07-28 03:01:08,049  DEBUG  Starting new HTTP connection (1): target-app:3001
2026-07-28 03:01:10,739  DEBUG  http://target-app:3001 "POST /api/v1/workspace/5c70ceeb-2453-430d-9785-a0e66157fa94/chat HTTP/1.1" 200 2794
2026-07-28 03:01:10,745  DEBUG  Starting new HTTP connection (1): target-app:3001
2026-07-28 03:01:13,297  DEBUG  http://target-app:3001 "POST /api/v1/workspace/5c70ceeb-2453-430d-9785-a0e66157fa94/chat HTTP/1.1" 200 2752
2026-07-28 03:01:13,362  DEBUG  Starting new HTTP connection (1): target-app:3001
2026-07-28 03:01:18,544  DEBUG  http://target-app:3001 "POST /api/v1/workspace/5c70ceeb-2453-430d-9785-a0e66157fa94/chat HTTP/1.1" 200 2927
2026-07-28 03:01:18,551  DEBUG  Starting new HTTP connection (1): target-app:3001
2026-07-28 03:01:22,121  DEBUG  http://target-app:3001 "POST /api/v1/workspace/5c70ceeb-2453-430d-9785-a0e66157fa94/chat HTTP/1.1" 200 2903
2026-07-28 03:01:22,219  DEBUG  Starting new HTTP connection (1): target-app:3001
2026-07-28 03:01:24,338  DEBUG  http://target-app:3001 "POST /api/v1/workspace/5c70ceeb-2453-430d-9785-a0e66157fa94/chat HTTP/1.1" 200 2946
2026-07-28 03:01:24,346  DEBUG  Starting new HTTP connection (1): target-app:3001
2026-07-28 03:01:33,166  DEBUG  http://target-app:3001 "POST /api/v1/workspace/5c70ceeb-2453-430d-9785-a0e66157fa94/chat HTTP/1.1" 200 3688
2026-07-28 03:01:33,258  DEBUG  Starting new HTTP connection (1): target-app:3001
2026-07-28 03:02:18,593  DEBUG  http://target-app:3001 "POST /api/v1/workspace/5c70ceeb-2453-430d-9785-a0e66157fa94/chat HTTP/1.1" 200 2267
2026-07-28 03:02:18,739  DEBUG  Starting new HTTP connection (1): target-app:3001
2026-07-28 03:02:27,480  DEBUG  http://target-app:3001 "POST /api/v1/workspace/5c70ceeb-2453-430d-9785-a0e66157fa94/chat HTTP/1.1" 200 2467
2026-07-28 03:02:27,489  DEBUG  Starting new HTTP connection (1): target-app:3001
2026-07-28 03:02:38,560  DEBUG  http://target-app:3001 "POST /api/v1/workspace/5c70ceeb-2453-430d-9785-a0e66157fa94/chat HTTP/1.1" 200 4357
2026-07-28 03:02:38,568  DEBUG  Starting new HTTP connection (1): target-app:3001
2026-07-28 03:02:42,266  DEBUG  http://target-app:3001 "POST /api/v1/workspace/5c70ceeb-2453-430d-9785-a0e66157fa94/chat HTTP/1.1" 200 2902
2026-07-28 03:02:42,272  DEBUG  Starting new HTTP connection (1): target-app:3001
2026-07-28 03:02:55,689  DEBUG  http://target-app:3001 "POST /api/v1/workspace/5c70ceeb-2453-430d-9785-a0e66157fa94/chat HTTP/1.1" 200 2903
2026-07-28 03:02:55,694  DEBUG  Starting new HTTP connection (1): target-app:3001
2026-07-28 03:03:00,457  DEBUG  http://target-app:3001 "POST /api/v1/workspace/5c70ceeb-2453-430d-9785-a0e66157fa94/chat HTTP/1.1" 200 2722
2026-07-28 03:03:00,463  DEBUG  Starting new HTTP connection (1): target-app:3001
2026-07-28 03:03:03,168  DEBUG  http://target-app:3001 "POST /api/v1/workspace/5c70ceeb-2453-430d-9785-a0e66157fa94/chat HTTP/1.1" 200 2443
2026-07-28 03:03:03,175  DEBUG  Starting new HTTP connection (1): target-app:3001
2026-07-28 03:03:05,295  DEBUG  http://target-app:3001 "POST /api/v1/workspace/5c70ceeb-2453-430d-9785-a0e66157fa94/chat HTTP/1.1" 200 2833
2026-07-28 03:03:05,305  DEBUG  Starting new HTTP connection (1): target-app:3001
2026-07-28 03:03:24,420  DEBUG  http://target-app:3001 "POST /api/v1/workspace/5c70ceeb-2453-430d-9785-a0e66157fa94/chat HTTP/1.1" 200 2714
2026-07-28 03:03:24,428  DEBUG  Starting new HTTP connection (1): target-app:3001
2026-07-28 03:03:29,249  DEBUG  http://target-app:3001 "POST /api/v1/workspace/5c70ceeb-2453-430d-9785-a0e66157fa94/chat HTTP/1.1" 200 2901
2026-07-28 03:03:29,262  DEBUG  Starting new HTTP connection (1): target-app:3001
2026-07-28 03:03:33,904  DEBUG  http://target-app:3001 "POST /api/v1/workspace/5c70ceeb-2453-430d-9785-a0e66157fa94/chat HTTP/1.1" 200 2721
2026-07-28 03:03:33,917  DEBUG  Starting new HTTP connection (1): target-app:3001
2026-07-28 03:03:40,574  DEBUG  http://target-app:3001 "POST /api/v1/workspace/5c70ceeb-2453-430d-9785-a0e66157fa94/chat HTTP/1.1" 200 3552
2026-07-28 03:03:40,587  DEBUG  Starting new HTTP connection (1): target-app:3001
2026-07-28 03:03:45,929  DEBUG  http://target-app:3001 "POST /api/v1/workspace/5c70ceeb-2453-430d-9785-a0e66157fa94/chat HTTP/1.1" 200 3605
2026-07-28 03:03:45,935  DEBUG  Starting new HTTP connection (1): target-app:3001
2026-07-28 03:03:55,230  DEBUG  http://target-app:3001 "POST /api/v1/workspace/5c70ceeb-2453-430d-9785-a0e66157fa94/chat HTTP/1.1" 200 2900
2026-07-28 03:03:55,235  DEBUG  Starting new HTTP connection (1): target-app:3001
2026-07-28 03:03:59,737  DEBUG  http://target-app:3001 "POST /api/v1/workspace/5c70ceeb-2453-430d-9785-a0e66157fa94/chat HTTP/1.1" 200 2722
2026-07-28 03:03:59,743  DEBUG  Starting new HTTP connection (1): target-app:3001
2026-07-28 03:04:02,933  DEBUG  http://target-app:3001 "POST /api/v1/workspace/5c70ceeb-2453-430d-9785-a0e66157fa94/chat HTTP/1.1" 200 2738
2026-07-28 03:04:02,947  DEBUG  Starting new HTTP connection (1): target-app:3001
2026-07-28 03:04:14,235  DEBUG  http://target-app:3001 "POST /api/v1/workspace/5c70ceeb-2453-430d-9785-a0e66157fa94/chat HTTP/1.1" 200 3555
2026-07-28 03:04:14,241  DEBUG  Starting new HTTP connection (1): target-app:3001
2026-07-28 03:04:31,915  DEBUG  http://target-app:3001 "POST /api/v1/workspace/5c70ceeb-2453-430d-9785-a0e66157fa94/chat HTTP/1.1" 200 2453
2026-07-28 03:04:31,923  DEBUG  Starting new HTTP connection (1): target-app:3001
2026-07-28 03:04:40,008  DEBUG  http://target-app:3001 "POST /api/v1/workspace/5c70ceeb-2453-430d-9785-a0e66157fa94/chat HTTP/1.1" 200 2740
2026-07-28 03:04:40,014  DEBUG  Starting new HTTP connection (1): target-app:3001
2026-07-28 03:04:45,576  DEBUG  http://target-app:3001 "POST /api/v1/workspace/5c70ceeb-2453-430d-9785-a0e66157fa94/chat HTTP/1.1" 200 3554
2026-07-28 03:04:45,592  DEBUG  Starting new HTTP connection (1): target-app:3001
2026-07-28 03:04:59,977  DEBUG  http://target-app:3001 "POST /api/v1/workspace/5c70ceeb-2453-430d-9785-a0e66157fa94/chat HTTP/1.1" 200 2902
2026-07-28 03:05:00,488  DEBUG  Starting new HTTP connection (1): target-app:3001
2026-07-28 03:05:09,712  DEBUG  http://target-app:3001 "POST /api/v1/workspace/5c70ceeb-2453-430d-9785-a0e66157fa94/chat HTTP/1.1" 200 2930
2026-07-28 03:05:09,848  DEBUG  Starting new HTTP connection (1): target-app:3001
2026-07-28 03:05:18,008  DEBUG  http://target-app:3001 "POST /api/v1/workspace/5c70ceeb-2453-430d-9785-a0e66157fa94/chat HTTP/1.1" 200 2292
2026-07-28 03:05:18,045  DEBUG  Starting new HTTP connection (1): target-app:3001
2026-07-28 03:05:28,548  DEBUG  http://target-app:3001 "POST /api/v1/workspace/5c70ceeb-2453-430d-9785-a0e66157fa94/chat HTTP/1.1" 200 3555
2026-07-28 03:05:28,553  DEBUG  Starting new HTTP connection (1): target-app:3001
2026-07-28 03:05:34,375  DEBUG  http://target-app:3001 "POST /api/v1/workspace/5c70ceeb-2453-430d-9785-a0e66157fa94/chat HTTP/1.1" 200 2969
2026-07-28 03:05:34,381  DEBUG  Starting new HTTP connection (1): target-app:3001
2026-07-28 03:05:48,282  DEBUG  http://target-app:3001 "POST /api/v1/workspace/5c70ceeb-2453-430d-9785-a0e66157fa94/chat HTTP/1.1" 200 3020
2026-07-28 03:05:48,288  DEBUG  Starting new HTTP connection (1): target-app:3001
2026-07-28 03:06:00,645  DEBUG  http://target-app:3001 "POST /api/v1/workspace/5c70ceeb-2453-430d-9785-a0e66157fa94/chat HTTP/1.1" 200 2721
2026-07-28 03:06:00,659  DEBUG  Starting new HTTP connection (1): target-app:3001
2026-07-28 03:06:11,482  DEBUG  http://target-app:3001 "POST /api/v1/workspace/5c70ceeb-2453-430d-9785-a0e66157fa94/chat HTTP/1.1" 200 3554
2026-07-28 03:06:11,491  DEBUG  Starting new HTTP connection (1): target-app:3001
2026-07-28 03:06:21,444  DEBUG  http://target-app:3001 "POST /api/v1/workspace/5c70ceeb-2453-430d-9785-a0e66157fa94/chat HTTP/1.1" 200 3341
2026-07-28 03:06:21,455  DEBUG  Starting new HTTP connection (1): target-app:3001
2026-07-28 03:06:24,052  DEBUG  http://target-app:3001 "POST /api/v1/workspace/5c70ceeb-2453-430d-9785-a0e66157fa94/chat HTTP/1.1" 200 3107
2026-07-28 03:06:24,063  DEBUG  Starting new HTTP connection (1): target-app:3001
2026-07-28 03:06:43,581  DEBUG  http://target-app:3001 "POST /api/v1/workspace/5c70ceeb-2453-430d-9785-a0e66157fa94/chat HTTP/1.1" 200 3554
2026-07-28 03:06:43,595  DEBUG  Starting new HTTP connection (1): target-app:3001
2026-07-28 03:06:52,527  DEBUG  http://target-app:3001 "POST /api/v1/workspace/5c70ceeb-2453-430d-9785-a0e66157fa94/chat HTTP/1.1" 200 3553
2026-07-28 03:06:52,557  DEBUG  Starting new HTTP connection (1): target-app:3001
2026-07-28 03:07:11,844  DEBUG  http://target-app:3001 "POST /api/v1/workspace/5c70ceeb-2453-430d-9785-a0e66157fa94/chat HTTP/1.1" 200 2739
2026-07-28 03:07:11,854  DEBUG  Starting new HTTP connection (1): target-app:3001
2026-07-28 03:07:25,366  DEBUG  http://target-app:3001 "POST /api/v1/workspace/5c70ceeb-2453-430d-9785-a0e66157fa94/chat HTTP/1.1" 200 2723
2026-07-28 03:07:25,408  DEBUG  Starting new HTTP connection (1): target-app:3001
2026-07-28 03:07:32,729  DEBUG  http://target-app:3001 "POST /api/v1/workspace/5c70ceeb-2453-430d-9785-a0e66157fa94/chat HTTP/1.1" 200 2723
2026-07-28 03:07:32,734  DEBUG  Starting new HTTP connection (1): target-app:3001
2026-07-28 03:07:38,062  DEBUG  http://target-app:3001 "POST /api/v1/workspace/5c70ceeb-2453-430d-9785-a0e66157fa94/chat HTTP/1.1" 200 2739
2026-07-28 03:07:38,068  DEBUG  Starting new HTTP connection (1): target-app:3001
2026-07-28 03:07:44,842  DEBUG  http://target-app:3001 "POST /api/v1/workspace/5c70ceeb-2453-430d-9785-a0e66157fa94/chat HTTP/1.1" 200 2723
2026-07-28 03:07:44,848  DEBUG  Starting new HTTP connection (1): target-app:3001
2026-07-28 03:07:50,942  DEBUG  http://target-app:3001 "POST /api/v1/workspace/5c70ceeb-2453-430d-9785-a0e66157fa94/chat HTTP/1.1" 200 2723
2026-07-28 03:07:50,958  DEBUG  Starting new HTTP connection (1): target-app:3001
2026-07-28 03:08:07,280  DEBUG  http://target-app:3001 "POST /api/v1/workspace/5c70ceeb-2453-430d-9785-a0e66157fa94/chat HTTP/1.1" 200 2929
2026-07-28 03:08:07,292  DEBUG  Starting new HTTP connection (1): target-app:3001
2026-07-28 03:08:13,591  DEBUG  http://target-app:3001 "POST /api/v1/workspace/5c70ceeb-2453-430d-9785-a0e66157fa94/chat HTTP/1.1" 200 3555
2026-07-28 03:08:13,597  DEBUG  Starting new HTTP connection (1): target-app:3001
2026-07-28 03:08:21,806  DEBUG  http://target-app:3001 "POST /api/v1/workspace/5c70ceeb-2453-430d-9785-a0e66157fa94/chat HTTP/1.1" 200 2903
2026-07-28 03:08:21,814  DEBUG  Starting new HTTP connection (1): target-app:3001
2026-07-28 03:08:31,149  DEBUG  http://target-app:3001 "POST /api/v1/workspace/5c70ceeb-2453-430d-9785-a0e66157fa94/chat HTTP/1.1" 200 3553
2026-07-28 03:08:31,155  DEBUG  Starting new HTTP connection (1): target-app:3001
2026-07-28 03:08:37,659  DEBUG  http://target-app:3001 "POST /api/v1/workspace/5c70ceeb-2453-430d-9785-a0e66157fa94/chat HTTP/1.1" 200 2739
2026-07-28 03:08:37,666  DEBUG  Starting new HTTP connection (1): target-app:3001
2026-07-28 03:08:39,640  DEBUG  http://target-app:3001 "POST /api/v1/workspace/5c70ceeb-2453-430d-9785-a0e66157fa94/chat HTTP/1.1" 200 2264
2026-07-28 03:08:39,650  DEBUG  Starting new HTTP connection (1): target-app:3001
2026-07-28 03:09:02,633  DEBUG  http://target-app:3001 "POST /api/v1/workspace/5c70ceeb-2453-430d-9785-a0e66157fa94/chat HTTP/1.1" 200 3553
2026-07-28 03:09:02,645  DEBUG  Starting new HTTP connection (1): target-app:3001
2026-07-28 03:09:14,826  DEBUG  http://target-app:3001 "POST /api/v1/workspace/5c70ceeb-2453-430d-9785-a0e66157fa94/chat HTTP/1.1" 200 3553
2026-07-28 03:09:15,883  DEBUG  Starting new HTTP connection (1): target-app:3001
2026-07-28 03:09:20,819  DEBUG  http://target-app:3001 "POST /api/v1/workspace/5c70ceeb-2453-430d-9785-a0e66157fa94/chat HTTP/1.1" 200 2429
2026-07-28 03:09:20,824  DEBUG  Starting new HTTP connection (1): target-app:3001
2026-07-28 03:09:32,515  DEBUG  http://target-app:3001 "POST /api/v1/workspace/5c70ceeb-2453-430d-9785-a0e66157fa94/chat HTTP/1.1" 200 2446
2026-07-28 03:09:32,520  DEBUG  Starting new HTTP connection (1): target-app:3001
2026-07-28 03:09:50,076  DEBUG  http://target-app:3001 "POST /api/v1/workspace/5c70ceeb-2453-430d-9785-a0e66157fa94/chat HTTP/1.1" 200 2719
2026-07-28 03:09:50,080  DEBUG  Starting new HTTP connection (1): target-app:3001
2026-07-28 03:09:53,909  DEBUG  http://target-app:3001 "POST /api/v1/workspace/5c70ceeb-2453-430d-9785-a0e66157fa94/chat HTTP/1.1" 200 3555
2026-07-28 03:09:53,914  DEBUG  Starting new HTTP connection (1): target-app:3001
2026-07-28 03:09:56,125  DEBUG  http://target-app:3001 "POST /api/v1/workspace/5c70ceeb-2453-430d-9785-a0e66157fa94/chat HTTP/1.1" 200 2926
2026-07-28 03:09:56,131  DEBUG  Starting new HTTP connection (1): target-app:3001
2026-07-28 03:09:58,376  DEBUG  http://target-app:3001 "POST /api/v1/workspace/5c70ceeb-2453-430d-9785-a0e66157fa94/chat HTTP/1.1" 200 3554
2026-07-28 03:09:58,380  DEBUG  Starting new HTTP connection (1): target-app:3001
2026-07-28 03:10:01,071  DEBUG  http://target-app:3001 "POST /api/v1/workspace/5c70ceeb-2453-430d-9785-a0e66157fa94/chat HTTP/1.1" 200 2722
2026-07-28 03:10:01,079  DEBUG  Starting new HTTP connection (1): target-app:3001
2026-07-28 03:10:04,308  DEBUG  http://target-app:3001 "POST /api/v1/workspace/5c70ceeb-2453-430d-9785-a0e66157fa94/chat HTTP/1.1" 200 2723
2026-07-28 03:10:04,313  DEBUG  Starting new HTTP connection (1): target-app:3001
2026-07-28 03:10:13,193  DEBUG  http://target-app:3001 "POST /api/v1/workspace/5c70ceeb-2453-430d-9785-a0e66157fa94/chat HTTP/1.1" 200 3554
2026-07-28 03:10:13,199  DEBUG  Starting new HTTP connection (1): target-app:3001
2026-07-28 03:10:21,650  DEBUG  http://target-app:3001 "POST /api/v1/workspace/5c70ceeb-2453-430d-9785-a0e66157fa94/chat HTTP/1.1" 200 2723
2026-07-28 03:10:21,655  DEBUG  Starting new HTTP connection (1): target-app:3001
2026-07-28 03:10:25,604  DEBUG  http://target-app:3001 "POST /api/v1/workspace/5c70ceeb-2453-430d-9785-a0e66157fa94/chat HTTP/1.1" 200 2443
2026-07-28 03:10:25,609  DEBUG  Starting new HTTP connection (1): target-app:3001
2026-07-28 03:10:27,124  DEBUG  http://target-app:3001 "POST /api/v1/workspace/5c70ceeb-2453-430d-9785-a0e66157fa94/chat HTTP/1.1" 200 2723
2026-07-28 03:10:27,134  DEBUG  Starting new HTTP connection (1): target-app:3001
2026-07-28 03:10:33,609  DEBUG  http://target-app:3001 "POST /api/v1/workspace/5c70ceeb-2453-430d-9785-a0e66157fa94/chat HTTP/1.1" 200 2741
2026-07-28 03:10:33,614  DEBUG  Starting new HTTP connection (1): target-app:3001
2026-07-28 03:10:38,595  DEBUG  http://target-app:3001 "POST /api/v1/workspace/5c70ceeb-2453-430d-9785-a0e66157fa94/chat HTTP/1.1" 200 2723
2026-07-28 03:10:38,601  DEBUG  Starting new HTTP connection (1): target-app:3001
2026-07-28 03:10:49,614  DEBUG  http://target-app:3001 "POST /api/v1/workspace/5c70ceeb-2453-430d-9785-a0e66157fa94/chat HTTP/1.1" 200 3556
2026-07-28 03:10:49,620  DEBUG  Starting new HTTP connection (1): target-app:3001
2026-07-28 03:10:54,047  DEBUG  http://target-app:3001 "POST /api/v1/workspace/5c70ceeb-2453-430d-9785-a0e66157fa94/chat HTTP/1.1" 200 2740
2026-07-28 03:10:54,073  DEBUG  Starting new HTTP connection (1): target-app:3001
2026-07-28 03:10:56,354  DEBUG  http://target-app:3001 "POST /api/v1/workspace/5c70ceeb-2453-430d-9785-a0e66157fa94/chat HTTP/1.1" 200 2330
2026-07-28 03:10:56,361  DEBUG  Starting new HTTP connection (1): target-app:3001
2026-07-28 03:11:12,742  DEBUG  http://target-app:3001 "POST /api/v1/workspace/5c70ceeb-2453-430d-9785-a0e66157fa94/chat HTTP/1.1" 200 2329
2026-07-28 03:11:12,746  DEBUG  Starting new HTTP connection (1): target-app:3001
2026-07-28 03:11:29,362  DEBUG  http://target-app:3001 "POST /api/v1/workspace/5c70ceeb-2453-430d-9785-a0e66157fa94/chat HTTP/1.1" 200 3097
2026-07-28 03:11:29,368  DEBUG  Starting new HTTP connection (1): target-app:3001
2026-07-28 03:11:41,540  DEBUG  http://target-app:3001 "POST /api/v1/workspace/5c70ceeb-2453-430d-9785-a0e66157fa94/chat HTTP/1.1" 200 3555
2026-07-28 03:11:41,551  DEBUG  Starting new HTTP connection (1): target-app:3001
2026-07-28 03:11:47,658  DEBUG  http://target-app:3001 "POST /api/v1/workspace/5c70ceeb-2453-430d-9785-a0e66157fa94/chat HTTP/1.1" 200 3554
2026-07-28 03:11:47,677  DEBUG  Starting new HTTP connection (1): target-app:3001
2026-07-28 03:11:52,470  DEBUG  http://target-app:3001 "POST /api/v1/workspace/5c70ceeb-2453-430d-9785-a0e66157fa94/chat HTTP/1.1" 200 2739
2026-07-28 03:11:52,491  DEBUG  Starting new HTTP connection (1): target-app:3001
2026-07-28 03:11:54,441  DEBUG  http://target-app:3001 "POST /api/v1/workspace/5c70ceeb-2453-430d-9785-a0e66157fa94/chat HTTP/1.1" 200 3095
2026-07-28 03:11:54,449  DEBUG  Starting new HTTP connection (1): target-app:3001
2026-07-28 03:12:08,782  DEBUG  http://target-app:3001 "POST /api/v1/workspace/5c70ceeb-2453-430d-9785-a0e66157fa94/chat HTTP/1.1" 200 2719
2026-07-28 03:12:08,838  DEBUG  probe return: <garak.probes.promptinject.HijackKillHumans object at 0x79dd146a6c60> with 256 attempts
2026-07-28 03:12:09,017  DEBUG  harness: run detector garak.detectors.promptinject.AttackRogueString
2026-07-28 03:12:09,496  DEBUG  harness: probe list iteration completed
2026-07-28 03:12:09,533  INFO  probe init: <garak.probes.promptinject.HijackLongPrompt object at 0x79dd13d61670>
2026-07-28 03:12:09,786  DEBUG  harness: probe start for garak.probes.promptinject.HijackLongPrompt
2026-07-28 03:12:09,786  DEBUG  probe execute: <garak.probes.promptinject.HijackLongPrompt object at 0x79dd13d61670>
2026-07-28 03:12:09,854  DEBUG  Starting new HTTP connection (1): target-app:3001
2026-07-28 03:12:21,924  DEBUG  http://target-app:3001 "POST /api/v1/workspace/5c70ceeb-2453-430d-9785-a0e66157fa94/chat HTTP/1.1" 200 3302
2026-07-28 03:12:21,964  DEBUG  Starting new HTTP connection (1): target-app:3001
2026-07-28 03:12:49,284  DEBUG  http://target-app:3001 "POST /api/v1/workspace/5c70ceeb-2453-430d-9785-a0e66157fa94/chat HTTP/1.1" 200 2824
2026-07-28 03:12:49,330  DEBUG  Starting new HTTP connection (1): target-app:3001
2026-07-28 03:13:09,670  DEBUG  http://target-app:3001 "POST /api/v1/workspace/5c70ceeb-2453-430d-9785-a0e66157fa94/chat HTTP/1.1" 200 2822
2026-07-28 03:13:09,722  DEBUG  Starting new HTTP connection (1): target-app:3001
2026-07-28 03:13:21,232  DEBUG  http://target-app:3001 "POST /api/v1/workspace/5c70ceeb-2453-430d-9785-a0e66157fa94/chat HTTP/1.1" 200 2266
2026-07-28 03:13:21,246  DEBUG  Starting new HTTP connection (1): target-app:3001
2026-07-28 03:13:33,380  DEBUG  http://target-app:3001 "POST /api/v1/workspace/5c70ceeb-2453-430d-9785-a0e66157fa94/chat HTTP/1.1" 200 2841
2026-07-28 03:13:33,386  DEBUG  Starting new HTTP connection (1): target-app:3001
2026-07-28 03:13:42,393  DEBUG  http://target-app:3001 "POST /api/v1/workspace/5c70ceeb-2453-430d-9785-a0e66157fa94/chat HTTP/1.1" 200 2392
2026-07-28 03:13:42,407  DEBUG  Starting new HTTP connection (1): target-app:3001
2026-07-28 03:13:51,069  DEBUG  http://target-app:3001 "POST /api/v1/workspace/5c70ceeb-2453-430d-9785-a0e66157fa94/chat HTTP/1.1" 200 2394
2026-07-28 03:13:51,126  DEBUG  Starting new HTTP connection (1): target-app:3001
2026-07-28 03:14:03,666  DEBUG  http://target-app:3001 "POST /api/v1/workspace/5c70ceeb-2453-430d-9785-a0e66157fa94/chat HTTP/1.1" 200 2493
2026-07-28 03:14:03,791  DEBUG  Starting new HTTP connection (1): target-app:3001
2026-07-28 03:14:20,720  DEBUG  http://target-app:3001 "POST /api/v1/workspace/5c70ceeb-2453-430d-9785-a0e66157fa94/chat HTTP/1.1" 200 2823
2026-07-28 03:14:20,735  DEBUG  Starting new HTTP connection (1): target-app:3001
2026-07-28 03:14:27,785  DEBUG  http://target-app:3001 "POST /api/v1/workspace/5c70ceeb-2453-430d-9785-a0e66157fa94/chat HTTP/1.1" 200 2367
2026-07-28 03:14:27,817  DEBUG  Starting new HTTP connection (1): target-app:3001
2026-07-28 03:14:37,270  DEBUG  http://target-app:3001 "POST /api/v1/workspace/5c70ceeb-2453-430d-9785-a0e66157fa94/chat HTTP/1.1" 200 2824
2026-07-28 03:14:37,293  DEBUG  Starting new HTTP connection (1): target-app:3001
2026-07-28 03:14:44,917  DEBUG  http://target-app:3001 "POST /api/v1/workspace/5c70ceeb-2453-430d-9785-a0e66157fa94/chat HTTP/1.1" 200 2842
2026-07-28 03:14:44,946  DEBUG  Starting new HTTP connection (1): target-app:3001
2026-07-28 03:14:49,356  DEBUG  http://target-app:3001 "POST /api/v1/workspace/5c70ceeb-2453-430d-9785-a0e66157fa94/chat HTTP/1.1" 200 2838
2026-07-28 03:14:49,368  DEBUG  Starting new HTTP connection (1): target-app:3001
2026-07-28 03:14:54,030  DEBUG  http://target-app:3001 "POST /api/v1/workspace/5c70ceeb-2453-430d-9785-a0e66157fa94/chat HTTP/1.1" 200 2369
2026-07-28 03:14:54,049  DEBUG  Starting new HTTP connection (1): target-app:3001
2026-07-28 03:15:15,315  DEBUG  http://target-app:3001 "POST /api/v1/workspace/5c70ceeb-2453-430d-9785-a0e66157fa94/chat HTTP/1.1" 200 2822
2026-07-28 03:15:15,332  DEBUG  Starting new HTTP connection (1): target-app:3001
2026-07-28 03:15:21,074  DEBUG  http://target-app:3001 "POST /api/v1/workspace/5c70ceeb-2453-430d-9785-a0e66157fa94/chat HTTP/1.1" 200 2823
2026-07-28 03:15:21,080  DEBUG  Starting new HTTP connection (1): target-app:3001
2026-07-28 03:15:22,912  DEBUG  http://target-app:3001 "POST /api/v1/workspace/5c70ceeb-2453-430d-9785-a0e66157fa94/chat HTTP/1.1" 200 3071
2026-07-28 03:15:22,920  DEBUG  Starting new HTTP connection (1): target-app:3001
2026-07-28 03:15:35,637  DEBUG  http://target-app:3001 "POST /api/v1/workspace/5c70ceeb-2453-430d-9785-a0e66157fa94/chat HTTP/1.1" 200 2392
2026-07-28 03:15:35,643  DEBUG  Starting new HTTP connection (1): target-app:3001
2026-07-28 03:15:56,365  DEBUG  http://target-app:3001 "POST /api/v1/workspace/5c70ceeb-2453-430d-9785-a0e66157fa94/chat HTTP/1.1" 200 2823
2026-07-28 03:15:56,370  DEBUG  Starting new HTTP connection (1): target-app:3001
2026-07-28 03:16:00,618  DEBUG  http://target-app:3001 "POST /api/v1/workspace/5c70ceeb-2453-430d-9785-a0e66157fa94/chat HTTP/1.1" 200 2367
2026-07-28 03:16:00,624  DEBUG  Starting new HTTP connection (1): target-app:3001
2026-07-28 03:16:16,987  DEBUG  http://target-app:3001 "POST /api/v1/workspace/5c70ceeb-2453-430d-9785-a0e66157fa94/chat HTTP/1.1" 200 2367
2026-07-28 03:16:17,003  DEBUG  Starting new HTTP connection (1): target-app:3001
2026-07-28 03:16:34,531  DEBUG  http://target-app:3001 "POST /api/v1/workspace/5c70ceeb-2453-430d-9785-a0e66157fa94/chat HTTP/1.1" 200 3070
2026-07-28 03:16:34,541  DEBUG  Starting new HTTP connection (1): target-app:3001
2026-07-28 03:16:50,262  DEBUG  http://target-app:3001 "POST /api/v1/workspace/5c70ceeb-2453-430d-9785-a0e66157fa94/chat HTTP/1.1" 200 2842
2026-07-28 03:16:50,386  DEBUG  Starting new HTTP connection (1): target-app:3001
2026-07-28 03:16:54,132  DEBUG  http://target-app:3001 "POST /api/v1/workspace/5c70ceeb-2453-430d-9785-a0e66157fa94/chat HTTP/1.1" 200 2366
2026-07-28 03:16:54,144  DEBUG  Starting new HTTP connection (1): target-app:3001
2026-07-28 03:17:01,375  DEBUG  http://target-app:3001 "POST /api/v1/workspace/5c70ceeb-2453-430d-9785-a0e66157fa94/chat HTTP/1.1" 200 3070
2026-07-28 03:17:01,402  DEBUG  Starting new HTTP connection (1): target-app:3001
2026-07-28 03:17:04,920  DEBUG  http://target-app:3001 "POST /api/v1/workspace/5c70ceeb-2453-430d-9785-a0e66157fa94/chat HTTP/1.1" 200 2367
2026-07-28 03:17:04,927  DEBUG  Starting new HTTP connection (1): target-app:3001
2026-07-28 03:17:18,398  DEBUG  http://target-app:3001 "POST /api/v1/workspace/5c70ceeb-2453-430d-9785-a0e66157fa94/chat HTTP/1.1" 200 2613
2026-07-28 03:17:18,407  DEBUG  Starting new HTTP connection (1): target-app:3001
2026-07-28 03:17:28,091  DEBUG  http://target-app:3001 "POST /api/v1/workspace/5c70ceeb-2453-430d-9785-a0e66157fa94/chat HTTP/1.1" 200 3031
2026-07-28 03:17:28,098  DEBUG  Starting new HTTP connection (1): target-app:3001
2026-07-28 03:17:39,257  DEBUG  http://target-app:3001 "POST /api/v1/workspace/5c70ceeb-2453-430d-9785-a0e66157fa94/chat HTTP/1.1" 200 3032
2026-07-28 03:17:39,272  DEBUG  Starting new HTTP connection (1): target-app:3001
2026-07-28 03:17:58,260  DEBUG  http://target-app:3001 "POST /api/v1/workspace/5c70ceeb-2453-430d-9785-a0e66157fa94/chat HTTP/1.1" 200 3207
2026-07-28 03:17:58,269  DEBUG  Starting new HTTP connection (1): target-app:3001
2026-07-28 03:18:10,805  DEBUG  http://target-app:3001 "POST /api/v1/workspace/5c70ceeb-2453-430d-9785-a0e66157fa94/chat HTTP/1.1" 200 2848
2026-07-28 03:18:10,822  DEBUG  Starting new HTTP connection (1): target-app:3001
2026-07-28 03:18:35,387  DEBUG  http://target-app:3001 "POST /api/v1/workspace/5c70ceeb-2453-430d-9785-a0e66157fa94/chat HTTP/1.1" 200 2823
2026-07-28 03:18:35,407  DEBUG  Starting new HTTP connection (1): target-app:3001
2026-07-28 03:18:41,560  DEBUG  http://target-app:3001 "POST /api/v1/workspace/5c70ceeb-2453-430d-9785-a0e66157fa94/chat HTTP/1.1" 200 3031
2026-07-28 03:18:41,588  DEBUG  Starting new HTTP connection (1): target-app:3001
2026-07-28 03:18:48,432  DEBUG  http://target-app:3001 "POST /api/v1/workspace/5c70ceeb-2453-430d-9785-a0e66157fa94/chat HTTP/1.1" 200 2546
2026-07-28 03:18:48,492  DEBUG  Starting new HTTP connection (1): target-app:3001
2026-07-28 03:19:14,316  DEBUG  http://target-app:3001 "POST /api/v1/workspace/5c70ceeb-2453-430d-9785-a0e66157fa94/chat HTTP/1.1" 200 3071
2026-07-28 03:19:14,359  DEBUG  Starting new HTTP connection (1): target-app:3001
2026-07-28 03:19:21,556  DEBUG  http://target-app:3001 "POST /api/v1/workspace/5c70ceeb-2453-430d-9785-a0e66157fa94/chat HTTP/1.1" 200 2365
2026-07-28 03:19:21,891  DEBUG  Starting new HTTP connection (1): target-app:3001
2026-07-28 03:19:43,512  DEBUG  http://target-app:3001 "POST /api/v1/workspace/5c70ceeb-2453-430d-9785-a0e66157fa94/chat HTTP/1.1" 200 2822
2026-07-28 03:19:43,520  DEBUG  Starting new HTTP connection (1): target-app:3001
2026-07-28 03:19:48,937  DEBUG  http://target-app:3001 "POST /api/v1/workspace/5c70ceeb-2453-430d-9785-a0e66157fa94/chat HTTP/1.1" 200 2369
2026-07-28 03:19:48,944  DEBUG  Starting new HTTP connection (1): target-app:3001
2026-07-28 03:19:56,410  DEBUG  http://target-app:3001 "POST /api/v1/workspace/5c70ceeb-2453-430d-9785-a0e66157fa94/chat HTTP/1.1" 200 2822
2026-07-28 03:19:56,415  DEBUG  Starting new HTTP connection (1): target-app:3001
2026-07-28 03:20:05,507  DEBUG  http://target-app:3001 "POST /api/v1/workspace/5c70ceeb-2453-430d-9785-a0e66157fa94/chat HTTP/1.1" 200 2843
2026-07-28 03:20:05,516  DEBUG  Starting new HTTP connection (1): target-app:3001
2026-07-28 03:20:15,910  DEBUG  http://target-app:3001 "POST /api/v1/workspace/5c70ceeb-2453-430d-9785-a0e66157fa94/chat HTTP/1.1" 200 2368
2026-07-28 03:20:15,928  DEBUG  Starting new HTTP connection (1): target-app:3001
2026-07-28 03:20:29,301  DEBUG  http://target-app:3001 "POST /api/v1/workspace/5c70ceeb-2453-430d-9785-a0e66157fa94/chat HTTP/1.1" 200 3070
2026-07-28 03:20:29,322  DEBUG  Starting new HTTP connection (1): target-app:3001
2026-07-28 03:20:38,540  DEBUG  http://target-app:3001 "POST /api/v1/workspace/5c70ceeb-2453-430d-9785-a0e66157fa94/chat HTTP/1.1" 200 2824
2026-07-28 03:20:38,551  DEBUG  Starting new HTTP connection (1): target-app:3001
2026-07-28 03:20:53,749  DEBUG  http://target-app:3001 "POST /api/v1/workspace/5c70ceeb-2453-430d-9785-a0e66157fa94/chat HTTP/1.1" 200 3206
2026-07-28 03:20:53,762  DEBUG  Starting new HTTP connection (1): target-app:3001
2026-07-28 03:21:12,689  DEBUG  http://target-app:3001 "POST /api/v1/workspace/5c70ceeb-2453-430d-9785-a0e66157fa94/chat HTTP/1.1" 200 3066
2026-07-28 03:21:12,700  DEBUG  Starting new HTTP connection (1): target-app:3001
2026-07-28 03:21:20,387  DEBUG  http://target-app:3001 "POST /api/v1/workspace/5c70ceeb-2453-430d-9785-a0e66157fa94/chat HTTP/1.1" 200 2851
2026-07-28 03:21:20,440  DEBUG  Starting new HTTP connection (1): target-app:3001
2026-07-28 03:21:33,048  DEBUG  http://target-app:3001 "POST /api/v1/workspace/5c70ceeb-2453-430d-9785-a0e66157fa94/chat HTTP/1.1" 200 2394
2026-07-28 03:21:33,069  DEBUG  Starting new HTTP connection (1): target-app:3001
2026-07-28 03:21:42,218  DEBUG  http://target-app:3001 "POST /api/v1/workspace/5c70ceeb-2453-430d-9785-a0e66157fa94/chat HTTP/1.1" 200 3070
2026-07-28 03:21:42,227  DEBUG  Starting new HTTP connection (1): target-app:3001
2026-07-28 03:21:55,378  DEBUG  http://target-app:3001 "POST /api/v1/workspace/5c70ceeb-2453-430d-9785-a0e66157fa94/chat HTTP/1.1" 200 2822
2026-07-28 03:21:55,386  DEBUG  Starting new HTTP connection (1): target-app:3001
2026-07-28 03:22:06,120  DEBUG  http://target-app:3001 "POST /api/v1/workspace/5c70ceeb-2453-430d-9785-a0e66157fa94/chat HTTP/1.1" 200 2823
2026-07-28 03:22:06,132  DEBUG  Starting new HTTP connection (1): target-app:3001
2026-07-28 03:22:24,948  DEBUG  http://target-app:3001 "POST /api/v1/workspace/5c70ceeb-2453-430d-9785-a0e66157fa94/chat HTTP/1.1" 200 2613
2026-07-28 03:22:24,961  DEBUG  Starting new HTTP connection (1): target-app:3001
2026-07-28 03:22:43,828  DEBUG  http://target-app:3001 "POST /api/v1/workspace/5c70ceeb-2453-430d-9785-a0e66157fa94/chat HTTP/1.1" 200 2367
2026-07-28 03:22:43,837  DEBUG  Starting new HTTP connection (1): target-app:3001
2026-07-28 03:22:54,465  DEBUG  http://target-app:3001 "POST /api/v1/workspace/5c70ceeb-2453-430d-9785-a0e66157fa94/chat HTTP/1.1" 200 2824
2026-07-28 03:22:54,471  DEBUG  Starting new HTTP connection (1): target-app:3001
2026-07-28 03:22:56,121  DEBUG  http://target-app:3001 "POST /api/v1/workspace/5c70ceeb-2453-430d-9785-a0e66157fa94/chat HTTP/1.1" 200 2825
2026-07-28 03:22:56,127  DEBUG  Starting new HTTP connection (1): target-app:3001
2026-07-28 03:23:05,415  DEBUG  http://target-app:3001 "POST /api/v1/workspace/5c70ceeb-2453-430d-9785-a0e66157fa94/chat HTTP/1.1" 200 2394
2026-07-28 03:23:05,421  DEBUG  Starting new HTTP connection (1): target-app:3001
2026-07-28 03:23:15,513  DEBUG  http://target-app:3001 "POST /api/v1/workspace/5c70ceeb-2453-430d-9785-a0e66157fa94/chat HTTP/1.1" 200 2824
2026-07-28 03:23:15,522  DEBUG  Starting new HTTP connection (1): target-app:3001
2026-07-28 03:23:31,203  DEBUG  http://target-app:3001 "POST /api/v1/workspace/5c70ceeb-2453-430d-9785-a0e66157fa94/chat HTTP/1.1" 200 2377
2026-07-28 03:23:31,217  DEBUG  Starting new HTTP connection (1): target-app:3001
2026-07-28 03:23:42,082  DEBUG  http://target-app:3001 "POST /api/v1/workspace/5c70ceeb-2453-430d-9785-a0e66157fa94/chat HTTP/1.1" 200 2369
2026-07-28 03:23:42,097  DEBUG  Starting new HTTP connection (1): target-app:3001
2026-07-28 03:23:52,113  DEBUG  http://target-app:3001 "POST /api/v1/workspace/5c70ceeb-2453-430d-9785-a0e66157fa94/chat HTTP/1.1" 200 3030
2026-07-28 03:23:52,120  DEBUG  Starting new HTTP connection (1): target-app:3001
2026-07-28 03:24:08,226  DEBUG  http://target-app:3001 "POST /api/v1/workspace/5c70ceeb-2453-430d-9785-a0e66157fa94/chat HTTP/1.1" 200 2367
2026-07-28 03:24:08,232  DEBUG  Starting new HTTP connection (1): target-app:3001
2026-07-28 03:24:19,117  DEBUG  http://target-app:3001 "POST /api/v1/workspace/5c70ceeb-2453-430d-9785-a0e66157fa94/chat HTTP/1.1" 200 3208
2026-07-28 03:24:19,125  DEBUG  Starting new HTTP connection (1): target-app:3001
2026-07-28 03:24:34,499  DEBUG  http://target-app:3001 "POST /api/v1/workspace/5c70ceeb-2453-430d-9785-a0e66157fa94/chat HTTP/1.1" 200 2368
2026-07-28 03:24:34,614  DEBUG  Starting new HTTP connection (1): target-app:3001
2026-07-28 03:24:47,344  DEBUG  http://target-app:3001 "POST /api/v1/workspace/5c70ceeb-2453-430d-9785-a0e66157fa94/chat HTTP/1.1" 200 3070
2026-07-28 03:24:47,352  DEBUG  Starting new HTTP connection (1): target-app:3001
2026-07-28 03:24:57,265  DEBUG  http://target-app:3001 "POST /api/v1/workspace/5c70ceeb-2453-430d-9785-a0e66157fa94/chat HTTP/1.1" 200 2367
2026-07-28 03:24:57,283  DEBUG  Starting new HTTP connection (1): target-app:3001
2026-07-28 03:25:07,895  DEBUG  http://target-app:3001 "POST /api/v1/workspace/5c70ceeb-2453-430d-9785-a0e66157fa94/chat HTTP/1.1" 200 2825
2026-07-28 03:25:07,901  DEBUG  Starting new HTTP connection (1): target-app:3001
2026-07-28 03:25:17,417  DEBUG  http://target-app:3001 "POST /api/v1/workspace/5c70ceeb-2453-430d-9785-a0e66157fa94/chat HTTP/1.1" 200 2367
2026-07-28 03:25:17,424  DEBUG  Starting new HTTP connection (1): target-app:3001
2026-07-28 03:25:29,874  DEBUG  http://target-app:3001 "POST /api/v1/workspace/5c70ceeb-2453-430d-9785-a0e66157fa94/chat HTTP/1.1" 200 2395
2026-07-28 03:25:29,884  DEBUG  Starting new HTTP connection (1): target-app:3001
2026-07-28 03:25:41,737  DEBUG  http://target-app:3001 "POST /api/v1/workspace/5c70ceeb-2453-430d-9785-a0e66157fa94/chat HTTP/1.1" 200 2394
2026-07-28 03:25:41,768  DEBUG  Starting new HTTP connection (1): target-app:3001
2026-07-28 03:25:50,198  DEBUG  http://target-app:3001 "POST /api/v1/workspace/5c70ceeb-2453-430d-9785-a0e66157fa94/chat HTTP/1.1" 200 2368
2026-07-28 03:25:50,237  DEBUG  Starting new HTTP connection (1): target-app:3001
2026-07-28 03:25:57,221  DEBUG  http://target-app:3001 "POST /api/v1/workspace/5c70ceeb-2453-430d-9785-a0e66157fa94/chat HTTP/1.1" 200 2615
2026-07-28 03:25:59,814  DEBUG  Starting new HTTP connection (1): target-app:3001
2026-07-28 03:26:15,245  DEBUG  http://target-app:3001 "POST /api/v1/workspace/5c70ceeb-2453-430d-9785-a0e66157fa94/chat HTTP/1.1" 200 2367
2026-07-28 03:26:15,251  DEBUG  Starting new HTTP connection (1): target-app:3001
2026-07-28 03:26:30,612  DEBUG  http://target-app:3001 "POST /api/v1/workspace/5c70ceeb-2453-430d-9785-a0e66157fa94/chat HTTP/1.1" 200 3073
2026-07-28 03:26:30,636  DEBUG  Starting new HTTP connection (1): target-app:3001
2026-07-28 03:26:44,355  DEBUG  http://target-app:3001 "POST /api/v1/workspace/5c70ceeb-2453-430d-9785-a0e66157fa94/chat HTTP/1.1" 200 3070
2026-07-28 03:26:44,365  DEBUG  Starting new HTTP connection (1): target-app:3001
2026-07-28 03:26:53,814  DEBUG  http://target-app:3001 "POST /api/v1/workspace/5c70ceeb-2453-430d-9785-a0e66157fa94/chat HTTP/1.1" 200 2392
2026-07-28 03:26:53,855  DEBUG  Starting new HTTP connection (1): target-app:3001
2026-07-28 03:27:16,697  DEBUG  http://target-app:3001 "POST /api/v1/workspace/5c70ceeb-2453-430d-9785-a0e66157fa94/chat HTTP/1.1" 200 3070
2026-07-28 03:27:16,740  DEBUG  Starting new HTTP connection (1): target-app:3001
2026-07-28 03:27:24,441  DEBUG  http://target-app:3001 "POST /api/v1/workspace/5c70ceeb-2453-430d-9785-a0e66157fa94/chat HTTP/1.1" 200 2839
2026-07-28 03:27:24,469  DEBUG  Starting new HTTP connection (1): target-app:3001
2026-07-28 03:27:33,290  DEBUG  http://target-app:3001 "POST /api/v1/workspace/5c70ceeb-2453-430d-9785-a0e66157fa94/chat HTTP/1.1" 200 3071
2026-07-28 03:27:33,298  DEBUG  Starting new HTTP connection (1): target-app:3001
2026-07-28 03:27:44,039  DEBUG  http://target-app:3001 "POST /api/v1/workspace/5c70ceeb-2453-430d-9785-a0e66157fa94/chat HTTP/1.1" 200 2394
2026-07-28 03:27:44,049  DEBUG  Starting new HTTP connection (1): target-app:3001
2026-07-28 03:27:57,946  DEBUG  http://target-app:3001 "POST /api/v1/workspace/5c70ceeb-2453-430d-9785-a0e66157fa94/chat HTTP/1.1" 200 2824
2026-07-28 03:27:58,004  DEBUG  Starting new HTTP connection (1): target-app:3001
2026-07-28 03:28:08,643  DEBUG  http://target-app:3001 "POST /api/v1/workspace/5c70ceeb-2453-430d-9785-a0e66157fa94/chat HTTP/1.1" 200 2841
2026-07-28 03:28:08,652  DEBUG  Starting new HTTP connection (1): target-app:3001
2026-07-28 03:28:19,748  DEBUG  http://target-app:3001 "POST /api/v1/workspace/5c70ceeb-2453-430d-9785-a0e66157fa94/chat HTTP/1.1" 200 2394
2026-07-28 03:28:19,763  DEBUG  Starting new HTTP connection (1): target-app:3001
2026-07-28 03:28:29,874  DEBUG  http://target-app:3001 "POST /api/v1/workspace/5c70ceeb-2453-430d-9785-a0e66157fa94/chat HTTP/1.1" 200 2612
2026-07-28 03:28:29,887  DEBUG  Starting new HTTP connection (1): target-app:3001
2026-07-28 03:28:37,367  DEBUG  http://target-app:3001 "POST /api/v1/workspace/5c70ceeb-2453-430d-9785-a0e66157fa94/chat HTTP/1.1" 200 2392
2026-07-28 03:28:37,447  DEBUG  Starting new HTTP connection (1): target-app:3001
2026-07-28 03:28:48,871  DEBUG  http://target-app:3001 "POST /api/v1/workspace/5c70ceeb-2453-430d-9785-a0e66157fa94/chat HTTP/1.1" 200 2368
2026-07-28 03:28:48,878  DEBUG  Starting new HTTP connection (1): target-app:3001
2026-07-28 03:28:55,243  DEBUG  http://target-app:3001 "POST /api/v1/workspace/5c70ceeb-2453-430d-9785-a0e66157fa94/chat HTTP/1.1" 200 2392
2026-07-28 03:28:55,249  DEBUG  Starting new HTTP connection (1): target-app:3001
2026-07-28 03:29:03,716  DEBUG  http://target-app:3001 "POST /api/v1/workspace/5c70ceeb-2453-430d-9785-a0e66157fa94/chat HTTP/1.1" 200 2842
2026-07-28 03:29:03,721  DEBUG  Starting new HTTP connection (1): target-app:3001
2026-07-28 03:29:12,729  DEBUG  http://target-app:3001 "POST /api/v1/workspace/5c70ceeb-2453-430d-9785-a0e66157fa94/chat HTTP/1.1" 200 3031
2026-07-28 03:29:12,756  DEBUG  Starting new HTTP connection (1): target-app:3001
2026-07-28 03:29:23,504  DEBUG  http://target-app:3001 "POST /api/v1/workspace/5c70ceeb-2453-430d-9785-a0e66157fa94/chat HTTP/1.1" 200 2843
2026-07-28 03:29:23,511  DEBUG  Starting new HTTP connection (1): target-app:3001
2026-07-28 03:29:30,996  DEBUG  http://target-app:3001 "POST /api/v1/workspace/5c70ceeb-2453-430d-9785-a0e66157fa94/chat HTTP/1.1" 200 2394
2026-07-28 03:29:31,018  DEBUG  Starting new HTTP connection (1): target-app:3001
2026-07-28 03:29:37,864  DEBUG  http://target-app:3001 "POST /api/v1/workspace/5c70ceeb-2453-430d-9785-a0e66157fa94/chat HTTP/1.1" 200 2366
2026-07-28 03:29:37,874  DEBUG  Starting new HTTP connection (1): target-app:3001
2026-07-28 03:29:47,015  DEBUG  http://target-app:3001 "POST /api/v1/workspace/5c70ceeb-2453-430d-9785-a0e66157fa94/chat HTTP/1.1" 200 3208
2026-07-28 03:29:47,045  DEBUG  Starting new HTTP connection (1): target-app:3001
2026-07-28 03:29:54,301  DEBUG  http://target-app:3001 "POST /api/v1/workspace/5c70ceeb-2453-430d-9785-a0e66157fa94/chat HTTP/1.1" 200 2392
2026-07-28 03:29:54,311  DEBUG  Starting new HTTP connection (1): target-app:3001
2026-07-28 03:30:04,541  DEBUG  http://target-app:3001 "POST /api/v1/workspace/5c70ceeb-2453-430d-9785-a0e66157fa94/chat HTTP/1.1" 200 2843
2026-07-28 03:30:04,549  DEBUG  Starting new HTTP connection (1): target-app:3001
2026-07-28 03:30:11,903  DEBUG  http://target-app:3001 "POST /api/v1/workspace/5c70ceeb-2453-430d-9785-a0e66157fa94/chat HTTP/1.1" 200 2393
2026-07-28 03:30:11,914  DEBUG  Starting new HTTP connection (1): target-app:3001
2026-07-28 03:30:28,812  DEBUG  http://target-app:3001 "POST /api/v1/workspace/5c70ceeb-2453-430d-9785-a0e66157fa94/chat HTTP/1.1" 200 3069
2026-07-28 03:30:28,818  DEBUG  Starting new HTTP connection (1): target-app:3001
2026-07-28 03:30:34,661  DEBUG  http://target-app:3001 "POST /api/v1/workspace/5c70ceeb-2453-430d-9785-a0e66157fa94/chat HTTP/1.1" 200 2391
2026-07-28 03:30:34,668  DEBUG  Starting new HTTP connection (1): target-app:3001
2026-07-28 03:30:39,645  DEBUG  http://target-app:3001 "POST /api/v1/workspace/5c70ceeb-2453-430d-9785-a0e66157fa94/chat HTTP/1.1" 200 2396
2026-07-28 03:30:39,650  DEBUG  Starting new HTTP connection (1): target-app:3001
2026-07-28 03:30:48,360  DEBUG  http://target-app:3001 "POST /api/v1/workspace/5c70ceeb-2453-430d-9785-a0e66157fa94/chat HTTP/1.1" 200 2613
2026-07-28 03:30:48,367  DEBUG  Starting new HTTP connection (1): target-app:3001
2026-07-28 03:30:53,791  DEBUG  http://target-app:3001 "POST /api/v1/workspace/5c70ceeb-2453-430d-9785-a0e66157fa94/chat HTTP/1.1" 200 2849
2026-07-28 03:30:53,798  DEBUG  Starting new HTTP connection (1): target-app:3001
2026-07-28 03:30:57,618  DEBUG  http://target-app:3001 "POST /api/v1/workspace/5c70ceeb-2453-430d-9785-a0e66157fa94/chat HTTP/1.1" 200 3072
2026-07-28 03:30:57,629  DEBUG  Starting new HTTP connection (1): target-app:3001
2026-07-28 03:31:01,630  DEBUG  http://target-app:3001 "POST /api/v1/workspace/5c70ceeb-2453-430d-9785-a0e66157fa94/chat HTTP/1.1" 200 2825
2026-07-28 03:31:01,670  DEBUG  Starting new HTTP connection (1): target-app:3001
2026-07-28 03:31:06,312  DEBUG  http://target-app:3001 "POST /api/v1/workspace/5c70ceeb-2453-430d-9785-a0e66157fa94/chat HTTP/1.1" 200 2393
2026-07-28 03:31:06,389  DEBUG  Starting new HTTP connection (1): target-app:3001
2026-07-28 03:31:15,855  DEBUG  http://target-app:3001 "POST /api/v1/workspace/5c70ceeb-2453-430d-9785-a0e66157fa94/chat HTTP/1.1" 200 2839
2026-07-28 03:31:15,871  DEBUG  Starting new HTTP connection (1): target-app:3001
2026-07-28 03:31:17,709  DEBUG  http://target-app:3001 "POST /api/v1/workspace/5c70ceeb-2453-430d-9785-a0e66157fa94/chat HTTP/1.1" 200 2393
2026-07-28 03:31:17,728  DEBUG  Starting new HTTP connection (1): target-app:3001
2026-07-28 03:31:25,634  DEBUG  http://target-app:3001 "POST /api/v1/workspace/5c70ceeb-2453-430d-9785-a0e66157fa94/chat HTTP/1.1" 200 2824
2026-07-28 03:31:25,694  DEBUG  Starting new HTTP connection (1): target-app:3001
2026-07-28 03:31:33,469  DEBUG  http://target-app:3001 "POST /api/v1/workspace/5c70ceeb-2453-430d-9785-a0e66157fa94/chat HTTP/1.1" 200 2821
2026-07-28 03:31:33,484  DEBUG  Starting new HTTP connection (1): target-app:3001
2026-07-28 03:31:47,976  DEBUG  http://target-app:3001 "POST /api/v1/workspace/5c70ceeb-2453-430d-9785-a0e66157fa94/chat HTTP/1.1" 200 3071
2026-07-28 03:31:47,983  DEBUG  Starting new HTTP connection (1): target-app:3001
2026-07-28 03:31:59,353  DEBUG  http://target-app:3001 "POST /api/v1/workspace/5c70ceeb-2453-430d-9785-a0e66157fa94/chat HTTP/1.1" 200 3073
2026-07-28 03:31:59,367  DEBUG  Starting new HTTP connection (1): target-app:3001
2026-07-28 03:32:07,067  DEBUG  http://target-app:3001 "POST /api/v1/workspace/5c70ceeb-2453-430d-9785-a0e66157fa94/chat HTTP/1.1" 200 3069
2026-07-28 03:32:07,074  DEBUG  Starting new HTTP connection (1): target-app:3001
2026-07-28 03:32:14,055  DEBUG  http://target-app:3001 "POST /api/v1/workspace/5c70ceeb-2453-430d-9785-a0e66157fa94/chat HTTP/1.1" 200 3071
2026-07-28 03:32:14,062  DEBUG  Starting new HTTP connection (1): target-app:3001
2026-07-28 03:32:21,982  DEBUG  http://target-app:3001 "POST /api/v1/workspace/5c70ceeb-2453-430d-9785-a0e66157fa94/chat HTTP/1.1" 200 2823
2026-07-28 03:32:21,990  DEBUG  Starting new HTTP connection (1): target-app:3001
2026-07-28 03:32:33,960  DEBUG  http://target-app:3001 "POST /api/v1/workspace/5c70ceeb-2453-430d-9785-a0e66157fa94/chat HTTP/1.1" 200 2823
2026-07-28 03:32:34,006  DEBUG  Starting new HTTP connection (1): target-app:3001
2026-07-28 03:32:44,270  DEBUG  http://target-app:3001 "POST /api/v1/workspace/5c70ceeb-2453-430d-9785-a0e66157fa94/chat HTTP/1.1" 200 2366
2026-07-28 03:32:44,281  DEBUG  Starting new HTTP connection (1): target-app:3001
2026-07-28 03:32:51,637  DEBUG  http://target-app:3001 "POST /api/v1/workspace/5c70ceeb-2453-430d-9785-a0e66157fa94/chat HTTP/1.1" 200 2839
2026-07-28 03:32:51,672  DEBUG  Starting new HTTP connection (1): target-app:3001
2026-07-28 03:33:04,988  DEBUG  http://target-app:3001 "POST /api/v1/workspace/5c70ceeb-2453-430d-9785-a0e66157fa94/chat HTTP/1.1" 200 3305
2026-07-28 03:33:05,004  DEBUG  Starting new HTTP connection (1): target-app:3001
2026-07-28 03:33:14,481  DEBUG  http://target-app:3001 "POST /api/v1/workspace/5c70ceeb-2453-430d-9785-a0e66157fa94/chat HTTP/1.1" 200 2849
2026-07-28 03:33:14,494  DEBUG  Starting new HTTP connection (1): target-app:3001
2026-07-28 03:33:27,249  DEBUG  http://target-app:3001 "POST /api/v1/workspace/5c70ceeb-2453-430d-9785-a0e66157fa94/chat HTTP/1.1" 200 2826
2026-07-28 03:33:27,256  DEBUG  Starting new HTTP connection (1): target-app:3001
2026-07-28 03:33:48,606  DEBUG  http://target-app:3001 "POST /api/v1/workspace/5c70ceeb-2453-430d-9785-a0e66157fa94/chat HTTP/1.1" 200 2824
2026-07-28 03:33:48,612  DEBUG  Starting new HTTP connection (1): target-app:3001
2026-07-28 03:33:58,858  DEBUG  http://target-app:3001 "POST /api/v1/workspace/5c70ceeb-2453-430d-9785-a0e66157fa94/chat HTTP/1.1" 200 2366
2026-07-28 03:33:58,864  DEBUG  Starting new HTTP connection (1): target-app:3001
2026-07-28 03:34:09,103  DEBUG  http://target-app:3001 "POST /api/v1/workspace/5c70ceeb-2453-430d-9785-a0e66157fa94/chat HTTP/1.1" 200 3070
2026-07-28 03:34:09,112  DEBUG  Starting new HTTP connection (1): target-app:3001
2026-07-28 03:34:20,442  DEBUG  http://target-app:3001 "POST /api/v1/workspace/5c70ceeb-2453-430d-9785-a0e66157fa94/chat HTTP/1.1" 200 3071
2026-07-28 03:34:20,459  DEBUG  Starting new HTTP connection (1): target-app:3001
2026-07-28 03:34:31,542  DEBUG  http://target-app:3001 "POST /api/v1/workspace/5c70ceeb-2453-430d-9785-a0e66157fa94/chat HTTP/1.1" 200 2393
2026-07-28 03:34:31,547  DEBUG  Starting new HTTP connection (1): target-app:3001
2026-07-28 03:34:42,454  DEBUG  http://target-app:3001 "POST /api/v1/workspace/5c70ceeb-2453-430d-9785-a0e66157fa94/chat HTTP/1.1" 200 2842
2026-07-28 03:34:42,461  DEBUG  Starting new HTTP connection (1): target-app:3001
2026-07-28 03:34:54,278  DEBUG  http://target-app:3001 "POST /api/v1/workspace/5c70ceeb-2453-430d-9785-a0e66157fa94/chat HTTP/1.1" 200 2614
2026-07-28 03:34:54,292  DEBUG  Starting new HTTP connection (1): target-app:3001
2026-07-28 03:35:08,487  DEBUG  http://target-app:3001 "POST /api/v1/workspace/5c70ceeb-2453-430d-9785-a0e66157fa94/chat HTTP/1.1" 200 2843
2026-07-28 03:35:08,545  DEBUG  Starting new HTTP connection (1): target-app:3001
2026-07-28 03:35:19,615  DEBUG  http://target-app:3001 "POST /api/v1/workspace/5c70ceeb-2453-430d-9785-a0e66157fa94/chat HTTP/1.1" 200 3072
2026-07-28 03:35:19,627  DEBUG  Starting new HTTP connection (1): target-app:3001
2026-07-28 03:35:27,201  DEBUG  http://target-app:3001 "POST /api/v1/workspace/5c70ceeb-2453-430d-9785-a0e66157fa94/chat HTTP/1.1" 200 2613
2026-07-28 03:35:27,208  DEBUG  Starting new HTTP connection (1): target-app:3001
2026-07-28 03:35:37,362  DEBUG  http://target-app:3001 "POST /api/v1/workspace/5c70ceeb-2453-430d-9785-a0e66157fa94/chat HTTP/1.1" 200 2367
2026-07-28 03:35:37,385  DEBUG  Starting new HTTP connection (1): target-app:3001
2026-07-28 03:35:50,319  DEBUG  http://target-app:3001 "POST /api/v1/workspace/5c70ceeb-2453-430d-9785-a0e66157fa94/chat HTTP/1.1" 200 2823
2026-07-28 03:35:50,326  DEBUG  Starting new HTTP connection (1): target-app:3001
2026-07-28 03:36:02,460  DEBUG  http://target-app:3001 "POST /api/v1/workspace/5c70ceeb-2453-430d-9785-a0e66157fa94/chat HTTP/1.1" 200 3072
2026-07-28 03:36:02,466  DEBUG  Starting new HTTP connection (1): target-app:3001
2026-07-28 03:36:04,119  DEBUG  http://target-app:3001 "POST /api/v1/workspace/5c70ceeb-2453-430d-9785-a0e66157fa94/chat HTTP/1.1" 200 2366
2026-07-28 03:36:04,126  DEBUG  Starting new HTTP connection (1): target-app:3001
2026-07-28 03:36:14,274  DEBUG  http://target-app:3001 "POST /api/v1/workspace/5c70ceeb-2453-430d-9785-a0e66157fa94/chat HTTP/1.1" 200 3002
2026-07-28 03:36:14,280  DEBUG  Starting new HTTP connection (1): target-app:3001
2026-07-28 03:36:21,260  DEBUG  http://target-app:3001 "POST /api/v1/workspace/5c70ceeb-2453-430d-9785-a0e66157fa94/chat HTTP/1.1" 200 2848
2026-07-28 03:36:21,267  DEBUG  Starting new HTTP connection (1): target-app:3001
2026-07-28 03:36:31,321  DEBUG  http://target-app:3001 "POST /api/v1/workspace/5c70ceeb-2453-430d-9785-a0e66157fa94/chat HTTP/1.1" 200 3072
2026-07-28 03:36:31,326  DEBUG  Starting new HTTP connection (1): target-app:3001
2026-07-28 03:36:37,485  DEBUG  http://target-app:3001 "POST /api/v1/workspace/5c70ceeb-2453-430d-9785-a0e66157fa94/chat HTTP/1.1" 200 2820
2026-07-28 03:36:37,494  DEBUG  Starting new HTTP connection (1): target-app:3001
2026-07-28 03:36:46,258  DEBUG  http://target-app:3001 "POST /api/v1/workspace/5c70ceeb-2453-430d-9785-a0e66157fa94/chat HTTP/1.1" 200 2365
2026-07-28 03:36:46,339  DEBUG  Starting new HTTP connection (1): target-app:3001
2026-07-28 03:36:59,936  DEBUG  http://target-app:3001 "POST /api/v1/workspace/5c70ceeb-2453-430d-9785-a0e66157fa94/chat HTTP/1.1" 200 3071
2026-07-28 03:37:00,141  DEBUG  Starting new HTTP connection (1): target-app:3001
2026-07-28 03:37:03,868  DEBUG  http://target-app:3001 "POST /api/v1/workspace/5c70ceeb-2453-430d-9785-a0e66157fa94/chat HTTP/1.1" 200 2854
2026-07-28 03:37:03,873  DEBUG  Starting new HTTP connection (1): target-app:3001
2026-07-28 03:37:17,285  DEBUG  http://target-app:3001 "POST /api/v1/workspace/5c70ceeb-2453-430d-9785-a0e66157fa94/chat HTTP/1.1" 200 2395
2026-07-28 03:37:17,292  DEBUG  Starting new HTTP connection (1): target-app:3001
2026-07-28 03:37:24,843  DEBUG  http://target-app:3001 "POST /api/v1/workspace/5c70ceeb-2453-430d-9785-a0e66157fa94/chat HTTP/1.1" 200 2596
2026-07-28 03:37:24,880  DEBUG  Starting new HTTP connection (1): target-app:3001
2026-07-28 03:37:40,175  DEBUG  http://target-app:3001 "POST /api/v1/workspace/5c70ceeb-2453-430d-9785-a0e66157fa94/chat HTTP/1.1" 500 265
2026-07-28 03:37:40,203  INFO  Backing off _call_model(...) for 0.8s (garak.exception.GeneratorBackoffTrigger: REST URI server error: 500 - Internal Server Error, uri: http://target-app:3001/api/v1/workspace/5c70ceeb-2453-430d-9785-a0e66157fa94/chat)
2026-07-28 03:37:41,102  DEBUG  Starting new HTTP connection (1): target-app:3001
2026-07-28 03:38:35,160  DEBUG  http://target-app:3001 "POST /api/v1/workspace/5c70ceeb-2453-430d-9785-a0e66157fa94/chat HTTP/1.1" 200 2824
2026-07-28 03:38:35,213  DEBUG  Starting new HTTP connection (1): target-app:3001
2026-07-28 03:38:38,669  DEBUG  http://target-app:3001 "POST /api/v1/workspace/5c70ceeb-2453-430d-9785-a0e66157fa94/chat HTTP/1.1" 200 2823
2026-07-28 03:38:38,686  DEBUG  Starting new HTTP connection (1): target-app:3001
2026-07-28 03:38:40,413  DEBUG  http://target-app:3001 "POST /api/v1/workspace/5c70ceeb-2453-430d-9785-a0e66157fa94/chat HTTP/1.1" 200 2850
2026-07-28 03:38:40,420  DEBUG  Starting new HTTP connection (1): target-app:3001
2026-07-28 03:38:43,131  DEBUG  http://target-app:3001 "POST /api/v1/workspace/5c70ceeb-2453-430d-9785-a0e66157fa94/chat HTTP/1.1" 200 3072
2026-07-28 03:38:43,144  DEBUG  Starting new HTTP connection (1): target-app:3001
2026-07-28 03:38:44,863  DEBUG  http://target-app:3001 "POST /api/v1/workspace/5c70ceeb-2453-430d-9785-a0e66157fa94/chat HTTP/1.1" 200 2842
2026-07-28 03:38:44,870  DEBUG  Starting new HTTP connection (1): target-app:3001
2026-07-28 03:38:46,443  DEBUG  http://target-app:3001 "POST /api/v1/workspace/5c70ceeb-2453-430d-9785-a0e66157fa94/chat HTTP/1.1" 200 2393
2026-07-28 03:38:46,461  DEBUG  Starting new HTTP connection (1): target-app:3001
2026-07-28 03:38:48,166  DEBUG  http://target-app:3001 "POST /api/v1/workspace/5c70ceeb-2453-430d-9785-a0e66157fa94/chat HTTP/1.1" 200 3208
2026-07-28 03:38:48,176  DEBUG  Starting new HTTP connection (1): target-app:3001
2026-07-28 03:38:50,066  DEBUG  http://target-app:3001 "POST /api/v1/workspace/5c70ceeb-2453-430d-9785-a0e66157fa94/chat HTTP/1.1" 200 2394
2026-07-28 03:38:50,233  DEBUG  Starting new HTTP connection (1): target-app:3001
2026-07-28 03:38:52,955  DEBUG  http://target-app:3001 "POST /api/v1/workspace/5c70ceeb-2453-430d-9785-a0e66157fa94/chat HTTP/1.1" 200 3071
2026-07-28 03:38:52,966  DEBUG  Starting new HTTP connection (1): target-app:3001
2026-07-28 03:38:55,772  DEBUG  http://target-app:3001 "POST /api/v1/workspace/5c70ceeb-2453-430d-9785-a0e66157fa94/chat HTTP/1.1" 200 3456
2026-07-28 03:38:55,776  DEBUG  Starting new HTTP connection (1): target-app:3001
2026-07-28 03:38:58,524  DEBUG  http://target-app:3001 "POST /api/v1/workspace/5c70ceeb-2453-430d-9785-a0e66157fa94/chat HTTP/1.1" 200 3072
2026-07-28 03:38:58,661  DEBUG  Starting new HTTP connection (1): target-app:3001
2026-07-28 03:39:00,749  DEBUG  http://target-app:3001 "POST /api/v1/workspace/5c70ceeb-2453-430d-9785-a0e66157fa94/chat HTTP/1.1" 200 2368
2026-07-28 03:39:00,754  DEBUG  Starting new HTTP connection (1): target-app:3001
2026-07-28 03:39:02,372  DEBUG  http://target-app:3001 "POST /api/v1/workspace/5c70ceeb-2453-430d-9785-a0e66157fa94/chat HTTP/1.1" 200 2394
2026-07-28 03:39:02,377  DEBUG  Starting new HTTP connection (1): target-app:3001
2026-07-28 03:39:04,647  DEBUG  http://target-app:3001 "POST /api/v1/workspace/5c70ceeb-2453-430d-9785-a0e66157fa94/chat HTTP/1.1" 200 2822
2026-07-28 03:39:04,653  DEBUG  Starting new HTTP connection (1): target-app:3001
2026-07-28 03:39:06,542  DEBUG  http://target-app:3001 "POST /api/v1/workspace/5c70ceeb-2453-430d-9785-a0e66157fa94/chat HTTP/1.1" 200 2843
2026-07-28 03:39:06,547  DEBUG  Starting new HTTP connection (1): target-app:3001
2026-07-28 03:39:08,251  DEBUG  http://target-app:3001 "POST /api/v1/workspace/5c70ceeb-2453-430d-9785-a0e66157fa94/chat HTTP/1.1" 200 3139
2026-07-28 03:39:08,256  DEBUG  Starting new HTTP connection (1): target-app:3001
2026-07-28 03:39:09,939  DEBUG  http://target-app:3001 "POST /api/v1/workspace/5c70ceeb-2453-430d-9785-a0e66157fa94/chat HTTP/1.1" 200 3151
2026-07-28 03:39:09,950  DEBUG  Starting new HTTP connection (1): target-app:3001
2026-07-28 03:39:12,160  DEBUG  http://target-app:3001 "POST /api/v1/workspace/5c70ceeb-2453-430d-9785-a0e66157fa94/chat HTTP/1.1" 200 3073
2026-07-28 03:39:12,170  DEBUG  Starting new HTTP connection (1): target-app:3001
2026-07-28 03:39:13,995  DEBUG  http://target-app:3001 "POST /api/v1/workspace/5c70ceeb-2453-430d-9785-a0e66157fa94/chat HTTP/1.1" 200 2394
2026-07-28 03:39:14,006  DEBUG  Starting new HTTP connection (1): target-app:3001
2026-07-28 03:39:16,099  DEBUG  http://target-app:3001 "POST /api/v1/workspace/5c70ceeb-2453-430d-9785-a0e66157fa94/chat HTTP/1.1" 200 2393
2026-07-28 03:39:16,103  DEBUG  Starting new HTTP connection (1): target-app:3001
2026-07-28 03:39:18,023  DEBUG  http://target-app:3001 "POST /api/v1/workspace/5c70ceeb-2453-430d-9785-a0e66157fa94/chat HTTP/1.1" 200 3072
2026-07-28 03:39:18,028  DEBUG  Starting new HTTP connection (1): target-app:3001
2026-07-28 03:39:21,219  DEBUG  http://target-app:3001 "POST /api/v1/workspace/5c70ceeb-2453-430d-9785-a0e66157fa94/chat HTTP/1.1" 200 2841
2026-07-28 03:39:21,224  DEBUG  Starting new HTTP connection (1): target-app:3001
2026-07-28 03:39:23,813  DEBUG  http://target-app:3001 "POST /api/v1/workspace/5c70ceeb-2453-430d-9785-a0e66157fa94/chat HTTP/1.1" 200 3458
2026-07-28 03:39:23,818  DEBUG  Starting new HTTP connection (1): target-app:3001
2026-07-28 03:39:26,112  DEBUG  http://target-app:3001 "POST /api/v1/workspace/5c70ceeb-2453-430d-9785-a0e66157fa94/chat HTTP/1.1" 200 2393
2026-07-28 03:39:26,121  DEBUG  Starting new HTTP connection (1): target-app:3001
2026-07-28 03:39:28,114  DEBUG  http://target-app:3001 "POST /api/v1/workspace/5c70ceeb-2453-430d-9785-a0e66157fa94/chat HTTP/1.1" 200 2367
2026-07-28 03:39:28,119  DEBUG  Starting new HTTP connection (1): target-app:3001
2026-07-28 03:39:33,590  DEBUG  http://target-app:3001 "POST /api/v1/workspace/5c70ceeb-2453-430d-9785-a0e66157fa94/chat HTTP/1.1" 200 2394
2026-07-28 03:39:33,699  DEBUG  Starting new HTTP connection (1): target-app:3001
2026-07-28 03:39:40,347  DEBUG  http://target-app:3001 "POST /api/v1/workspace/5c70ceeb-2453-430d-9785-a0e66157fa94/chat HTTP/1.1" 200 2919
2026-07-28 03:39:40,370  DEBUG  Starting new HTTP connection (1): target-app:3001
2026-07-28 03:39:45,394  DEBUG  http://target-app:3001 "POST /api/v1/workspace/5c70ceeb-2453-430d-9785-a0e66157fa94/chat HTTP/1.1" 200 3153
2026-07-28 03:39:45,405  DEBUG  Starting new HTTP connection (1): target-app:3001
2026-07-28 03:39:49,903  DEBUG  http://target-app:3001 "POST /api/v1/workspace/5c70ceeb-2453-430d-9785-a0e66157fa94/chat HTTP/1.1" 200 2367
2026-07-28 03:39:49,977  DEBUG  Starting new HTTP connection (1): target-app:3001
2026-07-28 03:39:55,286  DEBUG  http://target-app:3001 "POST /api/v1/workspace/5c70ceeb-2453-430d-9785-a0e66157fa94/chat HTTP/1.1" 200 2553
2026-07-28 03:39:55,323  DEBUG  Starting new HTTP connection (1): target-app:3001
2026-07-28 03:39:59,363  DEBUG  http://target-app:3001 "POST /api/v1/workspace/5c70ceeb-2453-430d-9785-a0e66157fa94/chat HTTP/1.1" 200 2395
2026-07-28 03:39:59,369  DEBUG  Starting new HTTP connection (1): target-app:3001
2026-07-28 03:40:02,168  DEBUG  http://target-app:3001 "POST /api/v1/workspace/5c70ceeb-2453-430d-9785-a0e66157fa94/chat HTTP/1.1" 200 2393
2026-07-28 03:40:02,173  DEBUG  Starting new HTTP connection (1): target-app:3001
2026-07-28 03:40:05,591  DEBUG  http://target-app:3001 "POST /api/v1/workspace/5c70ceeb-2453-430d-9785-a0e66157fa94/chat HTTP/1.1" 200 2367
2026-07-28 03:40:05,596  DEBUG  Starting new HTTP connection (1): target-app:3001
2026-07-28 03:40:08,176  DEBUG  http://target-app:3001 "POST /api/v1/workspace/5c70ceeb-2453-430d-9785-a0e66157fa94/chat HTTP/1.1" 200 3208
2026-07-28 03:40:08,185  DEBUG  Starting new HTTP connection (1): target-app:3001
2026-07-28 03:40:11,383  DEBUG  http://target-app:3001 "POST /api/v1/workspace/5c70ceeb-2453-430d-9785-a0e66157fa94/chat HTTP/1.1" 200 2825
2026-07-28 03:40:11,390  DEBUG  Starting new HTTP connection (1): target-app:3001
2026-07-28 03:40:14,484  DEBUG  http://target-app:3001 "POST /api/v1/workspace/5c70ceeb-2453-430d-9785-a0e66157fa94/chat HTTP/1.1" 200 2394
2026-07-28 03:40:14,490  DEBUG  Starting new HTTP connection (1): target-app:3001
2026-07-28 03:40:17,678  DEBUG  http://target-app:3001 "POST /api/v1/workspace/5c70ceeb-2453-430d-9785-a0e66157fa94/chat HTTP/1.1" 200 3236
2026-07-28 03:40:17,684  DEBUG  Starting new HTTP connection (1): target-app:3001
2026-07-28 03:40:19,720  DEBUG  http://target-app:3001 "POST /api/v1/workspace/5c70ceeb-2453-430d-9785-a0e66157fa94/chat HTTP/1.1" 200 3071
2026-07-28 03:40:19,725  DEBUG  Starting new HTTP connection (1): target-app:3001
2026-07-28 03:40:21,510  DEBUG  http://target-app:3001 "POST /api/v1/workspace/5c70ceeb-2453-430d-9785-a0e66157fa94/chat HTTP/1.1" 200 2823
2026-07-28 03:40:21,519  DEBUG  Starting new HTTP connection (1): target-app:3001
2026-07-28 03:40:23,512  DEBUG  http://target-app:3001 "POST /api/v1/workspace/5c70ceeb-2453-430d-9785-a0e66157fa94/chat HTTP/1.1" 200 3072
2026-07-28 03:40:23,517  DEBUG  Starting new HTTP connection (1): target-app:3001
2026-07-28 03:40:26,380  DEBUG  http://target-app:3001 "POST /api/v1/workspace/5c70ceeb-2453-430d-9785-a0e66157fa94/chat HTTP/1.1" 200 2943
2026-07-28 03:40:26,386  DEBUG  Starting new HTTP connection (1): target-app:3001
2026-07-28 03:40:28,442  DEBUG  http://target-app:3001 "POST /api/v1/workspace/5c70ceeb-2453-430d-9785-a0e66157fa94/chat HTTP/1.1" 200 2975
2026-07-28 03:40:29,621  DEBUG  Starting new HTTP connection (1): target-app:3001
2026-07-28 03:40:31,872  DEBUG  http://target-app:3001 "POST /api/v1/workspace/5c70ceeb-2453-430d-9785-a0e66157fa94/chat HTTP/1.1" 200 2499
2026-07-28 03:40:31,876  DEBUG  Starting new HTTP connection (1): target-app:3001
2026-07-28 03:40:34,463  DEBUG  http://target-app:3001 "POST /api/v1/workspace/5c70ceeb-2453-430d-9785-a0e66157fa94/chat HTTP/1.1" 200 3222
2026-07-28 03:40:34,467  DEBUG  Starting new HTTP connection (1): target-app:3001
2026-07-28 03:40:37,035  DEBUG  http://target-app:3001 "POST /api/v1/workspace/5c70ceeb-2453-430d-9785-a0e66157fa94/chat HTTP/1.1" 200 2551
2026-07-28 03:40:37,040  DEBUG  Starting new HTTP connection (1): target-app:3001
2026-07-28 03:40:39,364  DEBUG  http://target-app:3001 "POST /api/v1/workspace/5c70ceeb-2453-430d-9785-a0e66157fa94/chat HTTP/1.1" 200 2446
2026-07-28 03:40:39,369  DEBUG  Starting new HTTP connection (1): target-app:3001
2026-07-28 03:40:42,252  DEBUG  http://target-app:3001 "POST /api/v1/workspace/5c70ceeb-2453-430d-9785-a0e66157fa94/chat HTTP/1.1" 200 3489
2026-07-28 03:40:42,257  DEBUG  Starting new HTTP connection (1): target-app:3001
2026-07-28 03:40:48,080  DEBUG  http://target-app:3001 "POST /api/v1/workspace/5c70ceeb-2453-430d-9785-a0e66157fa94/chat HTTP/1.1" 200 4711
2026-07-28 03:40:48,085  DEBUG  Starting new HTTP connection (1): target-app:3001
2026-07-28 03:40:58,547  DEBUG  http://target-app:3001 "POST /api/v1/workspace/5c70ceeb-2453-430d-9785-a0e66157fa94/chat HTTP/1.1" 200 5810
2026-07-28 03:40:58,553  DEBUG  Starting new HTTP connection (1): target-app:3001
2026-07-28 03:41:01,652  DEBUG  http://target-app:3001 "POST /api/v1/workspace/5c70ceeb-2453-430d-9785-a0e66157fa94/chat HTTP/1.1" 200 2824
2026-07-28 03:41:01,657  DEBUG  Starting new HTTP connection (1): target-app:3001
2026-07-28 03:41:03,361  DEBUG  http://target-app:3001 "POST /api/v1/workspace/5c70ceeb-2453-430d-9785-a0e66157fa94/chat HTTP/1.1" 200 3070
2026-07-28 03:41:03,369  DEBUG  Starting new HTTP connection (1): target-app:3001
2026-07-28 03:41:05,458  DEBUG  http://target-app:3001 "POST /api/v1/workspace/5c70ceeb-2453-430d-9785-a0e66157fa94/chat HTTP/1.1" 200 3071
2026-07-28 03:41:05,464  DEBUG  Starting new HTTP connection (1): target-app:3001
2026-07-28 03:41:06,671  DEBUG  http://target-app:3001 "POST /api/v1/workspace/5c70ceeb-2453-430d-9785-a0e66157fa94/chat HTTP/1.1" 200 3067
2026-07-28 03:41:06,675  DEBUG  Starting new HTTP connection (1): target-app:3001
2026-07-28 03:41:08,128  DEBUG  http://target-app:3001 "POST /api/v1/workspace/5c70ceeb-2453-430d-9785-a0e66157fa94/chat HTTP/1.1" 200 3070
2026-07-28 03:41:08,134  DEBUG  Starting new HTTP connection (1): target-app:3001
2026-07-28 03:41:09,728  DEBUG  http://target-app:3001 "POST /api/v1/workspace/5c70ceeb-2453-430d-9785-a0e66157fa94/chat HTTP/1.1" 200 2376
2026-07-28 03:41:09,734  DEBUG  Starting new HTTP connection (1): target-app:3001
2026-07-28 03:41:11,175  DEBUG  http://target-app:3001 "POST /api/v1/workspace/5c70ceeb-2453-430d-9785-a0e66157fa94/chat HTTP/1.1" 200 3073
2026-07-28 03:41:11,180  DEBUG  Starting new HTTP connection (1): target-app:3001
2026-07-28 03:41:12,580  DEBUG  http://target-app:3001 "POST /api/v1/workspace/5c70ceeb-2453-430d-9785-a0e66157fa94/chat HTTP/1.1" 200 3041
2026-07-28 03:41:12,585  DEBUG  Starting new HTTP connection (1): target-app:3001
2026-07-28 03:41:13,913  DEBUG  http://target-app:3001 "POST /api/v1/workspace/5c70ceeb-2453-430d-9785-a0e66157fa94/chat HTTP/1.1" 200 3072
2026-07-28 03:41:13,918  DEBUG  Starting new HTTP connection (1): target-app:3001
2026-07-28 03:41:15,064  DEBUG  http://target-app:3001 "POST /api/v1/workspace/5c70ceeb-2453-430d-9785-a0e66157fa94/chat HTTP/1.1" 200 2295
2026-07-28 03:41:15,068  DEBUG  Starting new HTTP connection (1): target-app:3001
2026-07-28 03:41:16,328  DEBUG  http://target-app:3001 "POST /api/v1/workspace/5c70ceeb-2453-430d-9785-a0e66157fa94/chat HTTP/1.1" 200 2614
2026-07-28 03:41:16,333  DEBUG  Starting new HTTP connection (1): target-app:3001
2026-07-28 03:41:17,937  DEBUG  http://target-app:3001 "POST /api/v1/workspace/5c70ceeb-2453-430d-9785-a0e66157fa94/chat HTTP/1.1" 200 2842
2026-07-28 03:41:17,942  DEBUG  Starting new HTTP connection (1): target-app:3001
2026-07-28 03:41:19,131  DEBUG  http://target-app:3001 "POST /api/v1/workspace/5c70ceeb-2453-430d-9785-a0e66157fa94/chat HTTP/1.1" 200 2822
2026-07-28 03:41:19,135  DEBUG  Starting new HTTP connection (1): target-app:3001
2026-07-28 03:41:20,929  DEBUG  http://target-app:3001 "POST /api/v1/workspace/5c70ceeb-2453-430d-9785-a0e66157fa94/chat HTTP/1.1" 200 2825
2026-07-28 03:41:20,934  DEBUG  Starting new HTTP connection (1): target-app:3001
2026-07-28 03:41:23,321  DEBUG  http://target-app:3001 "POST /api/v1/workspace/5c70ceeb-2453-430d-9785-a0e66157fa94/chat HTTP/1.1" 200 2822
2026-07-28 03:41:23,326  DEBUG  Starting new HTTP connection (1): target-app:3001
2026-07-28 03:41:25,343  DEBUG  http://target-app:3001 "POST /api/v1/workspace/5c70ceeb-2453-430d-9785-a0e66157fa94/chat HTTP/1.1" 200 2394
2026-07-28 03:41:25,350  DEBUG  Starting new HTTP connection (1): target-app:3001
2026-07-28 03:41:26,687  DEBUG  http://target-app:3001 "POST /api/v1/workspace/5c70ceeb-2453-430d-9785-a0e66157fa94/chat HTTP/1.1" 200 2826
2026-07-28 03:41:26,691  DEBUG  Starting new HTTP connection (1): target-app:3001
2026-07-28 03:41:27,896  DEBUG  http://target-app:3001 "POST /api/v1/workspace/5c70ceeb-2453-430d-9785-a0e66157fa94/chat HTTP/1.1" 200 3073
2026-07-28 03:41:27,900  DEBUG  Starting new HTTP connection (1): target-app:3001
2026-07-28 03:41:29,180  DEBUG  http://target-app:3001 "POST /api/v1/workspace/5c70ceeb-2453-430d-9785-a0e66157fa94/chat HTTP/1.1" 200 2841
2026-07-28 03:41:29,184  DEBUG  Starting new HTTP connection (1): target-app:3001
2026-07-28 03:41:30,399  DEBUG  http://target-app:3001 "POST /api/v1/workspace/5c70ceeb-2453-430d-9785-a0e66157fa94/chat HTTP/1.1" 200 2842
2026-07-28 03:41:30,403  DEBUG  Starting new HTTP connection (1): target-app:3001
2026-07-28 03:41:32,178  DEBUG  http://target-app:3001 "POST /api/v1/workspace/5c70ceeb-2453-430d-9785-a0e66157fa94/chat HTTP/1.1" 200 2825
2026-07-28 03:41:32,183  DEBUG  Starting new HTTP connection (1): target-app:3001
2026-07-28 03:41:33,930  DEBUG  http://target-app:3001 "POST /api/v1/workspace/5c70ceeb-2453-430d-9785-a0e66157fa94/chat HTTP/1.1" 200 2843
2026-07-28 03:41:33,934  DEBUG  Starting new HTTP connection (1): target-app:3001
2026-07-28 03:41:36,513  DEBUG  http://target-app:3001 "POST /api/v1/workspace/5c70ceeb-2453-430d-9785-a0e66157fa94/chat HTTP/1.1" 200 2392
2026-07-28 03:41:36,517  DEBUG  Starting new HTTP connection (1): target-app:3001
2026-07-28 03:41:39,294  DEBUG  http://target-app:3001 "POST /api/v1/workspace/5c70ceeb-2453-430d-9785-a0e66157fa94/chat HTTP/1.1" 200 2839
2026-07-28 03:41:39,300  DEBUG  Starting new HTTP connection (1): target-app:3001
2026-07-28 03:41:44,793  DEBUG  http://target-app:3001 "POST /api/v1/workspace/5c70ceeb-2453-430d-9785-a0e66157fa94/chat HTTP/1.1" 200 2841
2026-07-28 03:41:44,798  DEBUG  Starting new HTTP connection (1): target-app:3001
2026-07-28 03:41:48,553  DEBUG  http://target-app:3001 "POST /api/v1/workspace/5c70ceeb-2453-430d-9785-a0e66157fa94/chat HTTP/1.1" 200 2394
2026-07-28 03:41:48,571  DEBUG  Starting new HTTP connection (1): target-app:3001
2026-07-28 03:41:52,841  DEBUG  http://target-app:3001 "POST /api/v1/workspace/5c70ceeb-2453-430d-9785-a0e66157fa94/chat HTTP/1.1" 200 2368
2026-07-28 03:41:52,847  DEBUG  Starting new HTTP connection (1): target-app:3001
2026-07-28 03:41:56,281  DEBUG  http://target-app:3001 "POST /api/v1/workspace/5c70ceeb-2453-430d-9785-a0e66157fa94/chat HTTP/1.1" 200 2365
2026-07-28 03:41:56,286  DEBUG  Starting new HTTP connection (1): target-app:3001
2026-07-28 03:41:59,534  DEBUG  http://target-app:3001 "POST /api/v1/workspace/5c70ceeb-2453-430d-9785-a0e66157fa94/chat HTTP/1.1" 200 2823
2026-07-28 03:41:59,540  DEBUG  Starting new HTTP connection (1): target-app:3001
2026-07-28 03:42:03,253  DEBUG  http://target-app:3001 "POST /api/v1/workspace/5c70ceeb-2453-430d-9785-a0e66157fa94/chat HTTP/1.1" 200 2366
2026-07-28 03:42:03,259  DEBUG  Starting new HTTP connection (1): target-app:3001
2026-07-28 03:42:07,374  DEBUG  http://target-app:3001 "POST /api/v1/workspace/5c70ceeb-2453-430d-9785-a0e66157fa94/chat HTTP/1.1" 200 3005
2026-07-28 03:42:07,383  DEBUG  Starting new HTTP connection (1): target-app:3001
2026-07-28 03:42:09,345  DEBUG  http://target-app:3001 "POST /api/v1/workspace/5c70ceeb-2453-430d-9785-a0e66157fa94/chat HTTP/1.1" 200 2850
2026-07-28 03:42:09,350  DEBUG  Starting new HTTP connection (1): target-app:3001
2026-07-28 03:42:13,439  DEBUG  http://target-app:3001 "POST /api/v1/workspace/5c70ceeb-2453-430d-9785-a0e66157fa94/chat HTTP/1.1" 200 3005
2026-07-28 03:42:13,451  DEBUG  Starting new HTTP connection (1): target-app:3001
2026-07-28 03:42:16,458  DEBUG  http://target-app:3001 "POST /api/v1/workspace/5c70ceeb-2453-430d-9785-a0e66157fa94/chat HTTP/1.1" 200 3071
2026-07-28 03:42:16,472  DEBUG  Starting new HTTP connection (1): target-app:3001
2026-07-28 03:42:18,762  DEBUG  http://target-app:3001 "POST /api/v1/workspace/5c70ceeb-2453-430d-9785-a0e66157fa94/chat HTTP/1.1" 200 2547
2026-07-28 03:42:18,790  DEBUG  Starting new HTTP connection (1): target-app:3001
2026-07-28 03:42:20,251  DEBUG  http://target-app:3001 "POST /api/v1/workspace/5c70ceeb-2453-430d-9785-a0e66157fa94/chat HTTP/1.1" 200 2393
2026-07-28 03:42:20,259  DEBUG  Starting new HTTP connection (1): target-app:3001
2026-07-28 03:42:21,799  DEBUG  http://target-app:3001 "POST /api/v1/workspace/5c70ceeb-2453-430d-9785-a0e66157fa94/chat HTTP/1.1" 200 2614
2026-07-28 03:42:21,805  DEBUG  Starting new HTTP connection (1): target-app:3001
2026-07-28 03:42:23,594  DEBUG  http://target-app:3001 "POST /api/v1/workspace/5c70ceeb-2453-430d-9785-a0e66157fa94/chat HTTP/1.1" 200 2367
2026-07-28 03:42:23,602  DEBUG  Starting new HTTP connection (1): target-app:3001
2026-07-28 03:42:25,465  DEBUG  http://target-app:3001 "POST /api/v1/workspace/5c70ceeb-2453-430d-9785-a0e66157fa94/chat HTTP/1.1" 200 3209
2026-07-28 03:42:25,473  DEBUG  Starting new HTTP connection (1): target-app:3001
2026-07-28 03:42:27,064  DEBUG  http://target-app:3001 "POST /api/v1/workspace/5c70ceeb-2453-430d-9785-a0e66157fa94/chat HTTP/1.1" 200 2366
2026-07-28 03:42:27,068  DEBUG  Starting new HTTP connection (1): target-app:3001
2026-07-28 03:42:28,875  DEBUG  http://target-app:3001 "POST /api/v1/workspace/5c70ceeb-2453-430d-9785-a0e66157fa94/chat HTTP/1.1" 200 2850
2026-07-28 03:42:28,881  DEBUG  Starting new HTTP connection (1): target-app:3001
2026-07-28 03:42:30,910  DEBUG  http://target-app:3001 "POST /api/v1/workspace/5c70ceeb-2453-430d-9785-a0e66157fa94/chat HTTP/1.1" 200 2822
2026-07-28 03:42:30,916  DEBUG  Starting new HTTP connection (1): target-app:3001
2026-07-28 03:42:32,654  DEBUG  http://target-app:3001 "POST /api/v1/workspace/5c70ceeb-2453-430d-9785-a0e66157fa94/chat HTTP/1.1" 200 2368
2026-07-28 03:42:32,659  DEBUG  Starting new HTTP connection (1): target-app:3001
2026-07-28 03:42:34,581  DEBUG  http://target-app:3001 "POST /api/v1/workspace/5c70ceeb-2453-430d-9785-a0e66157fa94/chat HTTP/1.1" 200 2849
2026-07-28 03:42:34,586  DEBUG  Starting new HTTP connection (1): target-app:3001
2026-07-28 03:42:36,512  DEBUG  http://target-app:3001 "POST /api/v1/workspace/5c70ceeb-2453-430d-9785-a0e66157fa94/chat HTTP/1.1" 200 2841
2026-07-28 03:42:36,519  DEBUG  Starting new HTTP connection (1): target-app:3001
2026-07-28 03:42:38,242  DEBUG  http://target-app:3001 "POST /api/v1/workspace/5c70ceeb-2453-430d-9785-a0e66157fa94/chat HTTP/1.1" 200 2825
2026-07-28 03:42:38,247  DEBUG  Starting new HTTP connection (1): target-app:3001
2026-07-28 03:42:39,893  DEBUG  http://target-app:3001 "POST /api/v1/workspace/5c70ceeb-2453-430d-9785-a0e66157fa94/chat HTTP/1.1" 200 3071
2026-07-28 03:42:39,902  DEBUG  Starting new HTTP connection (1): target-app:3001
2026-07-28 03:42:41,681  DEBUG  http://target-app:3001 "POST /api/v1/workspace/5c70ceeb-2453-430d-9785-a0e66157fa94/chat HTTP/1.1" 200 2823
2026-07-28 03:42:41,690  DEBUG  Starting new HTTP connection (1): target-app:3001
2026-07-28 03:42:43,306  DEBUG  http://target-app:3001 "POST /api/v1/workspace/5c70ceeb-2453-430d-9785-a0e66157fa94/chat HTTP/1.1" 200 2822
2026-07-28 03:42:43,317  DEBUG  Starting new HTTP connection (1): target-app:3001
2026-07-28 03:42:45,459  DEBUG  http://target-app:3001 "POST /api/v1/workspace/5c70ceeb-2453-430d-9785-a0e66157fa94/chat HTTP/1.1" 200 2825
2026-07-28 03:42:45,465  DEBUG  Starting new HTTP connection (1): target-app:3001
2026-07-28 03:42:47,281  DEBUG  http://target-app:3001 "POST /api/v1/workspace/5c70ceeb-2453-430d-9785-a0e66157fa94/chat HTTP/1.1" 200 2394
2026-07-28 03:42:47,287  DEBUG  Starting new HTTP connection (1): target-app:3001
2026-07-28 03:42:48,851  DEBUG  http://target-app:3001 "POST /api/v1/workspace/5c70ceeb-2453-430d-9785-a0e66157fa94/chat HTTP/1.1" 200 2825
2026-07-28 03:42:48,856  DEBUG  Starting new HTTP connection (1): target-app:3001
2026-07-28 03:42:50,379  DEBUG  http://target-app:3001 "POST /api/v1/workspace/5c70ceeb-2453-430d-9785-a0e66157fa94/chat HTTP/1.1" 200 2839
2026-07-28 03:42:50,384  DEBUG  Starting new HTTP connection (1): target-app:3001
2026-07-28 03:42:51,942  DEBUG  http://target-app:3001 "POST /api/v1/workspace/5c70ceeb-2453-430d-9785-a0e66157fa94/chat HTTP/1.1" 200 2824
2026-07-28 03:42:51,946  DEBUG  Starting new HTTP connection (1): target-app:3001
2026-07-28 03:42:53,381  DEBUG  http://target-app:3001 "POST /api/v1/workspace/5c70ceeb-2453-430d-9785-a0e66157fa94/chat HTTP/1.1" 200 3070
2026-07-28 03:42:53,385  DEBUG  Starting new HTTP connection (1): target-app:3001
2026-07-28 03:42:54,863  DEBUG  http://target-app:3001 "POST /api/v1/workspace/5c70ceeb-2453-430d-9785-a0e66157fa94/chat HTTP/1.1" 200 3069
2026-07-28 03:42:54,867  DEBUG  Starting new HTTP connection (1): target-app:3001
2026-07-28 03:42:56,363  DEBUG  http://target-app:3001 "POST /api/v1/workspace/5c70ceeb-2453-430d-9785-a0e66157fa94/chat HTTP/1.1" 200 3072
2026-07-28 03:42:56,370  DEBUG  Starting new HTTP connection (1): target-app:3001
2026-07-28 03:42:57,926  DEBUG  http://target-app:3001 "POST /api/v1/workspace/5c70ceeb-2453-430d-9785-a0e66157fa94/chat HTTP/1.1" 200 2825
2026-07-28 03:42:57,932  DEBUG  Starting new HTTP connection (1): target-app:3001
2026-07-28 03:42:59,448  DEBUG  http://target-app:3001 "POST /api/v1/workspace/5c70ceeb-2453-430d-9785-a0e66157fa94/chat HTTP/1.1" 200 2822
2026-07-28 03:42:59,456  DEBUG  Starting new HTTP connection (1): target-app:3001
2026-07-28 03:43:00,996  DEBUG  http://target-app:3001 "POST /api/v1/workspace/5c70ceeb-2453-430d-9785-a0e66157fa94/chat HTTP/1.1" 200 2841
2026-07-28 03:43:01,003  DEBUG  Starting new HTTP connection (1): target-app:3001
2026-07-28 03:43:02,491  DEBUG  http://target-app:3001 "POST /api/v1/workspace/5c70ceeb-2453-430d-9785-a0e66157fa94/chat HTTP/1.1" 200 3072
2026-07-28 03:43:02,497  DEBUG  Starting new HTTP connection (1): target-app:3001
2026-07-28 03:43:04,145  DEBUG  http://target-app:3001 "POST /api/v1/workspace/5c70ceeb-2453-430d-9785-a0e66157fa94/chat HTTP/1.1" 200 2821
2026-07-28 03:43:04,150  DEBUG  Starting new HTTP connection (1): target-app:3001
2026-07-28 03:43:05,841  DEBUG  http://target-app:3001 "POST /api/v1/workspace/5c70ceeb-2453-430d-9785-a0e66157fa94/chat HTTP/1.1" 200 2394
2026-07-28 03:43:05,847  DEBUG  Starting new HTTP connection (1): target-app:3001
2026-07-28 03:43:07,396  DEBUG  http://target-app:3001 "POST /api/v1/workspace/5c70ceeb-2453-430d-9785-a0e66157fa94/chat HTTP/1.1" 200 3073
2026-07-28 03:43:07,400  DEBUG  Starting new HTTP connection (1): target-app:3001
2026-07-28 03:43:08,877  DEBUG  http://target-app:3001 "POST /api/v1/workspace/5c70ceeb-2453-430d-9785-a0e66157fa94/chat HTTP/1.1" 200 2391
2026-07-28 03:43:08,882  DEBUG  Starting new HTTP connection (1): target-app:3001
2026-07-28 03:43:10,390  DEBUG  http://target-app:3001 "POST /api/v1/workspace/5c70ceeb-2453-430d-9785-a0e66157fa94/chat HTTP/1.1" 200 2825
2026-07-28 03:43:10,395  DEBUG  Starting new HTTP connection (1): target-app:3001
2026-07-28 03:43:11,951  DEBUG  http://target-app:3001 "POST /api/v1/workspace/5c70ceeb-2453-430d-9785-a0e66157fa94/chat HTTP/1.1" 200 2821
2026-07-28 03:43:11,957  DEBUG  probe return: <garak.probes.promptinject.HijackLongPrompt object at 0x79dd13d61670> with 256 attempts
2026-07-28 03:43:11,988  DEBUG  harness: run detector garak.detectors.promptinject.AttackRogueString
2026-07-28 03:43:12,234  DEBUG  harness: probe list iteration completed
2026-07-28 03:43:12,242  INFO  run complete, ending
2026-07-28 03:43:13,217  INFO  garak run complete in 5216.05s
2026-07-29 00:24:24,044  INFO  invoked
2026-07-29 00:24:24,046  DEBUG  Loading configs from: /usr/local/lib/python3.12/site-packages/garak/resources/garak.core.yaml
2026-07-29 00:24:24,055  DEBUG  args - raw argument string received: ['--target_type', 'rest', '-G', '/work/anythingllm_rest.json', '--probes', 'dan.Dan_11_0', '--generations', '20', '--parallel_requests', '1']
2026-07-29 00:24:24,055  DEBUG  args - full argparse: Namespace(verbose=0, report_prefix=None, narrow_output=False, parallel_requests=1, parallel_attempts=False, skip_unknown=False, seed=None, deprefix=True, eval_threshold=0.5, generations=20, config=None, target_type='rest', target_name=None, probes='dan.Dan_11_0', probe_tags=None, detectors='auto', extended_detectors=False, buffs=None, buff_option_file=None, buff_options=None, detector_option_file=None, detector_options=None, generator_option_file='/work/anythingllm_rest.json', generator_options=None, harness_option_file=None, harness_options=None, probe_option_file=None, probe_options=None, taxonomy=None, confidence_interval_method=None, bootstrap_num_iterations=None, bootstrap_confidence_level=None, bootstrap_min_sample_size=None, plugin_info=None, list_probes=False, list_detectors=False, list_generators=False, list_buffs=False, list_config=False, version=False, report=None, interactive=False, fix=False)
2026-07-29 00:24:24,525  DEBUG  no site config found at: /root/.config/garak/garak.site.json, /root/.config/garak/garak.site.yaml, or /root/.config/garak/garak.site.yml
2026-07-29 00:24:24,525  DEBUG  Loading configs from: /usr/local/lib/python3.12/site-packages/garak/resources/garak.core.yaml
2026-07-29 00:24:24,526  DEBUG  Skipping already-loaded config: /usr/local/lib/python3.12/site-packages/garak/resources/garak.core.yaml
2026-07-29 00:24:24,526  DEBUG  args - cli_args&commands stored: Namespace(target_type='rest', generator_option_file='/work/anythingllm_rest.json', probes='dan.Dan_11_0', generations=20, parallel_requests=1, verbose=0, list_detectors=False, list_probes=False, list_generators=False, list_buffs=False, list_config=False, plugin_info=None, interactive=False, report=None, version=False, fix=False)
2026-07-29 00:24:24,526  DEBUG  non-config params: [('generator_option_file', '/work/anythingllm_rest.json'), ('probes', 'dan.Dan_11_0'), ('list_detectors', False), ('list_probes', False), ('list_generators', False), ('list_buffs', False), ('list_config', False), ('plugin_info', None), ('report', None), ('version', False), ('fix', False)]
2026-07-29 00:24:24,741  DEBUG  Detector metrics file not found at /root/.local/share/garak/data/detectors_eval/detector_metrics_summary.json. Using default metrics (Se=1.0, Sp=1.0).
2026-07-29 00:24:24,784  INFO  generator init: <garak.generators.rest.RestGenerator object at 0x75af138fb320>
2026-07-29 00:24:24,784  INFO  ⚠️  This run can be sped up 🥳 Generator 'REST target-anythingllm' supports parallelism! Consider using `--parallel_attempts 16` (or more) to greatly accelerate your run. 🐌
2026-07-29 00:24:24,784  INFO  run started at 2026-07-29T00:24:24.027365
2026-07-29 00:24:24,784  DEBUG  relative report dir provided
2026-07-29 00:24:24,785  INFO  reporting to /root/.local/share/garak/garak_runs/garak.f9da77d5-31e4-4631-88d6-0322d4f9a138.report.jsonl
2026-07-29 00:24:24,789  INFO  service import: garak.langservice
2026-07-29 00:24:25,010  DEBUG  nltk_data location not found using project cache location
2026-07-29 00:24:25,021  INFO  harness init: <garak.harnesses.probewise.ProbewiseHarness object at 0x75aede146d50>
2026-07-29 00:24:25,021  INFO  probe queue: probes.dan.Dan_11_0
2026-07-29 00:24:25,024  INFO  probe init: <garak.probes.dan.Dan_11_0 object at 0x75aedd8fff20>
2026-07-29 00:24:25,024  DEBUG  langauge provision service: en,en
2026-07-29 00:24:25,025  INFO  detector init: <garak.detectors.dan.DAN object at 0x75aedd9eb740>
2026-07-29 00:24:25,026  INFO  detector init: <garak.detectors.mitigation.MitigationBypass object at 0x75aedd8bb2c0>
2026-07-29 00:24:25,026  DEBUG  harness: probe start for garak.probes.dan.Dan_11_0
2026-07-29 00:24:25,026  DEBUG  probe execute: <garak.probes.dan.Dan_11_0 object at 0x75aedd8fff20>
2026-07-29 00:24:25,041  DEBUG  Starting new HTTP connection (1): target-app:3001
2026-07-29 00:24:34,310  DEBUG  http://target-app:3001 "POST /api/v1/workspace/5c70ceeb-2453-430d-9785-a0e66157fa94/chat HTTP/1.1" 200 3894
2026-07-29 00:24:34,315  DEBUG  Starting new HTTP connection (1): target-app:3001
2026-07-29 00:24:38,461  DEBUG  http://target-app:3001 "POST /api/v1/workspace/5c70ceeb-2453-430d-9785-a0e66157fa94/chat HTTP/1.1" 200 4284
2026-07-29 00:24:38,467  DEBUG  Starting new HTTP connection (1): target-app:3001
2026-07-29 00:24:42,257  DEBUG  http://target-app:3001 "POST /api/v1/workspace/5c70ceeb-2453-430d-9785-a0e66157fa94/chat HTTP/1.1" 200 4150
2026-07-29 00:24:42,262  DEBUG  Starting new HTTP connection (1): target-app:3001
2026-07-29 00:24:45,599  DEBUG  http://target-app:3001 "POST /api/v1/workspace/5c70ceeb-2453-430d-9785-a0e66157fa94/chat HTTP/1.1" 200 4048
2026-07-29 00:24:45,604  DEBUG  Starting new HTTP connection (1): target-app:3001
2026-07-29 00:24:48,816  DEBUG  http://target-app:3001 "POST /api/v1/workspace/5c70ceeb-2453-430d-9785-a0e66157fa94/chat HTTP/1.1" 200 3820
2026-07-29 00:24:48,820  DEBUG  Starting new HTTP connection (1): target-app:3001
2026-07-29 00:24:52,439  DEBUG  http://target-app:3001 "POST /api/v1/workspace/5c70ceeb-2453-430d-9785-a0e66157fa94/chat HTTP/1.1" 200 4008
2026-07-29 00:24:52,444  DEBUG  Starting new HTTP connection (1): target-app:3001
2026-07-29 00:24:56,650  DEBUG  http://target-app:3001 "POST /api/v1/workspace/5c70ceeb-2453-430d-9785-a0e66157fa94/chat HTTP/1.1" 200 3826
2026-07-29 00:24:56,654  DEBUG  Starting new HTTP connection (1): target-app:3001
2026-07-29 00:25:01,593  DEBUG  http://target-app:3001 "POST /api/v1/workspace/5c70ceeb-2453-430d-9785-a0e66157fa94/chat HTTP/1.1" 200 4129
2026-07-29 00:25:01,599  DEBUG  Starting new HTTP connection (1): target-app:3001
2026-07-29 00:25:07,132  DEBUG  http://target-app:3001 "POST /api/v1/workspace/5c70ceeb-2453-430d-9785-a0e66157fa94/chat HTTP/1.1" 200 3895
2026-07-29 00:25:07,136  DEBUG  Starting new HTTP connection (1): target-app:3001
2026-07-29 00:25:10,687  DEBUG  http://target-app:3001 "POST /api/v1/workspace/5c70ceeb-2453-430d-9785-a0e66157fa94/chat HTTP/1.1" 200 3831
2026-07-29 00:25:10,690  DEBUG  Starting new HTTP connection (1): target-app:3001
2026-07-29 00:25:14,583  DEBUG  http://target-app:3001 "POST /api/v1/workspace/5c70ceeb-2453-430d-9785-a0e66157fa94/chat HTTP/1.1" 200 3890
2026-07-29 00:25:14,588  DEBUG  Starting new HTTP connection (1): target-app:3001
2026-07-29 00:25:23,051  DEBUG  http://target-app:3001 "POST /api/v1/workspace/5c70ceeb-2453-430d-9785-a0e66157fa94/chat HTTP/1.1" 200 3895
2026-07-29 00:25:23,065  DEBUG  Starting new HTTP connection (1): target-app:3001
2026-07-29 00:25:30,466  DEBUG  http://target-app:3001 "POST /api/v1/workspace/5c70ceeb-2453-430d-9785-a0e66157fa94/chat HTTP/1.1" 200 3938
2026-07-29 00:25:30,473  DEBUG  Starting new HTTP connection (1): target-app:3001
2026-07-29 00:25:37,614  DEBUG  http://target-app:3001 "POST /api/v1/workspace/5c70ceeb-2453-430d-9785-a0e66157fa94/chat HTTP/1.1" 200 4190
2026-07-29 00:25:37,622  DEBUG  Starting new HTTP connection (1): target-app:3001
2026-07-29 00:25:43,767  DEBUG  http://target-app:3001 "POST /api/v1/workspace/5c70ceeb-2453-430d-9785-a0e66157fa94/chat HTTP/1.1" 200 3996
2026-07-29 00:25:43,775  DEBUG  Starting new HTTP connection (1): target-app:3001
2026-07-29 00:25:47,999  DEBUG  http://target-app:3001 "POST /api/v1/workspace/5c70ceeb-2453-430d-9785-a0e66157fa94/chat HTTP/1.1" 200 3961
2026-07-29 00:25:48,020  DEBUG  Starting new HTTP connection (1): target-app:3001
2026-07-29 00:25:51,458  DEBUG  http://target-app:3001 "POST /api/v1/workspace/5c70ceeb-2453-430d-9785-a0e66157fa94/chat HTTP/1.1" 200 3924
2026-07-29 00:25:51,467  DEBUG  Starting new HTTP connection (1): target-app:3001
2026-07-29 00:25:54,776  DEBUG  http://target-app:3001 "POST /api/v1/workspace/5c70ceeb-2453-430d-9785-a0e66157fa94/chat HTTP/1.1" 200 3949
2026-07-29 00:25:54,780  DEBUG  Starting new HTTP connection (1): target-app:3001
2026-07-29 00:26:00,399  DEBUG  http://target-app:3001 "POST /api/v1/workspace/5c70ceeb-2453-430d-9785-a0e66157fa94/chat HTTP/1.1" 200 4079
2026-07-29 00:26:00,412  DEBUG  Starting new HTTP connection (1): target-app:3001
2026-07-29 00:26:06,594  DEBUG  http://target-app:3001 "POST /api/v1/workspace/5c70ceeb-2453-430d-9785-a0e66157fa94/chat HTTP/1.1" 200 4125
2026-07-29 00:26:06,675  DEBUG  probe return: <garak.probes.dan.Dan_11_0 object at 0x75aedd8fff20> with 1 attempts
2026-07-29 00:26:06,681  DEBUG  harness: run detector garak.detectors.dan.DAN
2026-07-29 00:26:06,685  DEBUG  harness: run detector garak.detectors.mitigation.MitigationBypass
2026-07-29 00:26:06,703  INFO  hit log in /root/.local/share/garak/garak_runs/garak.f9da77d5-31e4-4631-88d6-0322d4f9a138.hitlog.jsonl
2026-07-29 00:26:06,732  DEBUG  harness: probe list iteration completed
2026-07-29 00:26:06,735  INFO  run complete, ending
2026-07-29 00:26:07,542  INFO  garak run complete in 102.71s
2026-07-29 00:26:11,438  INFO  invoked
2026-07-29 00:26:11,438  DEBUG  Loading configs from: /usr/local/lib/python3.12/site-packages/garak/resources/garak.core.yaml
2026-07-29 00:26:11,457  DEBUG  args - raw argument string received: ['--target_type', 'rest', '-G', '/work/anythingllm_rest.json', '--probes', 'dan.Dan_11_0', '--generations', '20', '--parallel_requests', '4']
2026-07-29 00:26:11,458  DEBUG  args - full argparse: Namespace(verbose=0, report_prefix=None, narrow_output=False, parallel_requests=4, parallel_attempts=False, skip_unknown=False, seed=None, deprefix=True, eval_threshold=0.5, generations=20, config=None, target_type='rest', target_name=None, probes='dan.Dan_11_0', probe_tags=None, detectors='auto', extended_detectors=False, buffs=None, buff_option_file=None, buff_options=None, detector_option_file=None, detector_options=None, generator_option_file='/work/anythingllm_rest.json', generator_options=None, harness_option_file=None, harness_options=None, probe_option_file=None, probe_options=None, taxonomy=None, confidence_interval_method=None, bootstrap_num_iterations=None, bootstrap_confidence_level=None, bootstrap_min_sample_size=None, plugin_info=None, list_probes=False, list_detectors=False, list_generators=False, list_buffs=False, list_config=False, version=False, report=None, interactive=False, fix=False)
2026-07-29 00:26:12,055  DEBUG  no site config found at: /root/.config/garak/garak.site.json, /root/.config/garak/garak.site.yaml, or /root/.config/garak/garak.site.yml
2026-07-29 00:26:12,055  DEBUG  Loading configs from: /usr/local/lib/python3.12/site-packages/garak/resources/garak.core.yaml
2026-07-29 00:26:12,055  DEBUG  Skipping already-loaded config: /usr/local/lib/python3.12/site-packages/garak/resources/garak.core.yaml
2026-07-29 00:26:12,056  DEBUG  args - cli_args&commands stored: Namespace(target_type='rest', generator_option_file='/work/anythingllm_rest.json', probes='dan.Dan_11_0', generations=20, parallel_requests=4, verbose=0, list_detectors=False, list_probes=False, list_generators=False, list_buffs=False, list_config=False, plugin_info=None, interactive=False, report=None, version=False, fix=False)
2026-07-29 00:26:12,056  DEBUG  non-config params: [('generator_option_file', '/work/anythingllm_rest.json'), ('probes', 'dan.Dan_11_0'), ('list_detectors', False), ('list_probes', False), ('list_generators', False), ('list_buffs', False), ('list_config', False), ('plugin_info', None), ('report', None), ('version', False), ('fix', False)]
2026-07-29 00:26:12,330  DEBUG  Detector metrics file not found at /root/.local/share/garak/data/detectors_eval/detector_metrics_summary.json. Using default metrics (Se=1.0, Sp=1.0).
2026-07-29 00:26:12,393  INFO  generator init: <garak.generators.rest.RestGenerator object at 0x74a0dc3feba0>
2026-07-29 00:26:12,393  INFO  ⚠️  This run can be sped up 🥳 Generator 'REST target-anythingllm' supports parallelism! Consider using `--parallel_attempts 16` (or more) to greatly accelerate your run. 🐌
2026-07-29 00:26:12,393  INFO  run started at 2026-07-29T00:26:11.419650
2026-07-29 00:26:12,393  DEBUG  relative report dir provided
2026-07-29 00:26:12,394  INFO  reporting to /root/.local/share/garak/garak_runs/garak.9e6cc40f-1eae-463a-981d-87571a6a9f31.report.jsonl
2026-07-29 00:26:12,400  INFO  service import: garak.langservice
2026-07-29 00:26:12,736  DEBUG  nltk_data location not found using project cache location
2026-07-29 00:26:12,751  INFO  harness init: <garak.harnesses.probewise.ProbewiseHarness object at 0x74a0a7f3a990>
2026-07-29 00:26:12,752  INFO  probe queue: probes.dan.Dan_11_0
2026-07-29 00:26:12,754  INFO  probe init: <garak.probes.dan.Dan_11_0 object at 0x74a0a75357f0>
2026-07-29 00:26:12,754  DEBUG  langauge provision service: en,en
2026-07-29 00:26:12,756  INFO  detector init: <garak.detectors.dan.DAN object at 0x74a0a7536720>
2026-07-29 00:26:12,757  INFO  detector init: <garak.detectors.mitigation.MitigationBypass object at 0x74a0a77b4b00>
2026-07-29 00:26:12,757  DEBUG  harness: probe start for garak.probes.dan.Dan_11_0
2026-07-29 00:26:12,757  DEBUG  probe execute: <garak.probes.dan.Dan_11_0 object at 0x74a0a75357f0>
2026-07-29 00:26:12,806  DEBUG  Starting new HTTP connection (1): target-app:3001
2026-07-29 00:26:12,807  DEBUG  Starting new HTTP connection (1): target-app:3001
2026-07-29 00:26:12,811  DEBUG  Starting new HTTP connection (1): target-app:3001
2026-07-29 00:26:12,814  DEBUG  Starting new HTTP connection (1): target-app:3001
2026-07-29 00:26:31,781  DEBUG  http://target-app:3001 "POST /api/v1/workspace/5c70ceeb-2453-430d-9785-a0e66157fa94/chat HTTP/1.1" 200 4005
2026-07-29 00:26:31,804  DEBUG  Starting new HTTP connection (1): target-app:3001
2026-07-29 00:26:32,052  DEBUG  http://target-app:3001 "POST /api/v1/workspace/5c70ceeb-2453-430d-9785-a0e66157fa94/chat HTTP/1.1" 200 3986
2026-07-29 00:26:32,062  DEBUG  Starting new HTTP connection (1): target-app:3001
2026-07-29 00:26:32,284  DEBUG  http://target-app:3001 "POST /api/v1/workspace/5c70ceeb-2453-430d-9785-a0e66157fa94/chat HTTP/1.1" 200 4071
2026-07-29 00:26:32,293  DEBUG  Starting new HTTP connection (1): target-app:3001
2026-07-29 00:26:32,479  DEBUG  http://target-app:3001 "POST /api/v1/workspace/5c70ceeb-2453-430d-9785-a0e66157fa94/chat HTTP/1.1" 200 4041
2026-07-29 00:26:32,487  DEBUG  Starting new HTTP connection (1): target-app:3001
2026-07-29 00:29:05,302  DEBUG  http://target-app:3001 "POST /api/v1/workspace/5c70ceeb-2453-430d-9785-a0e66157fa94/chat HTTP/1.1" 200 3934
2026-07-29 00:29:05,358  DEBUG  Starting new HTTP connection (1): target-app:3001
2026-07-29 00:29:05,906  DEBUG  http://target-app:3001 "POST /api/v1/workspace/5c70ceeb-2453-430d-9785-a0e66157fa94/chat HTTP/1.1" 200 3983
2026-07-29 00:29:05,998  DEBUG  Starting new HTTP connection (1): target-app:3001
2026-07-29 00:29:06,309  DEBUG  http://target-app:3001 "POST /api/v1/workspace/5c70ceeb-2453-430d-9785-a0e66157fa94/chat HTTP/1.1" 200 3961
2026-07-29 00:29:06,335  DEBUG  Starting new HTTP connection (1): target-app:3001
2026-07-29 00:30:54,877  DEBUG  Starting new HTTP connection (1): target-app:3001
2026-07-29 00:53:52,837  DEBUG  Starting new HTTP connection (1): target-app:3001
2026-07-29 00:53:52,908  DEBUG  Starting new HTTP connection (1): target-app:3001
2026-07-29 00:53:52,919  DEBUG  Starting new HTTP connection (1): target-app:3001
2026-07-29 00:53:52,919  DEBUG  Starting new HTTP connection (1): target-app:3001
2026-07-29 00:55:34,783  DEBUG  http://target-app:3001 "POST /api/v1/workspace/5c70ceeb-2453-430d-9785-a0e66157fa94/chat HTTP/1.1" 500 153
2026-07-29 00:55:34,779  DEBUG  http://target-app:3001 "POST /api/v1/workspace/5c70ceeb-2453-430d-9785-a0e66157fa94/chat HTTP/1.1" 500 153
2026-07-29 00:55:34,789  DEBUG  http://target-app:3001 "POST /api/v1/workspace/5c70ceeb-2453-430d-9785-a0e66157fa94/chat HTTP/1.1" 500 153
2026-07-29 00:55:34,796  DEBUG  http://target-app:3001 "POST /api/v1/workspace/5c70ceeb-2453-430d-9785-a0e66157fa94/chat HTTP/1.1" 500 153
2026-07-29 00:55:34,830  INFO  Backing off _call_model(...) for 0.2s (garak.exception.GeneratorBackoffTrigger: REST URI server error: 500 - Internal Server Error, uri: http://target-app:3001/api/v1/workspace/5c70ceeb-2453-430d-9785-a0e66157fa94/chat)
2026-07-29 00:55:34,831  INFO  Backing off _call_model(...) for 0.8s (garak.exception.GeneratorBackoffTrigger: REST URI server error: 500 - Internal Server Error, uri: http://target-app:3001/api/v1/workspace/5c70ceeb-2453-430d-9785-a0e66157fa94/chat)
2026-07-29 00:55:34,830  INFO  Backing off _call_model(...) for 0.2s (garak.exception.GeneratorBackoffTrigger: REST URI server error: 500 - Internal Server Error, uri: http://target-app:3001/api/v1/workspace/5c70ceeb-2453-430d-9785-a0e66157fa94/chat)
2026-07-29 00:55:34,841  INFO  Backing off _call_model(...) for 0.6s (garak.exception.GeneratorBackoffTrigger: REST URI server error: 500 - Internal Server Error, uri: http://target-app:3001/api/v1/workspace/5c70ceeb-2453-430d-9785-a0e66157fa94/chat)
2026-07-29 00:55:35,064  DEBUG  Starting new HTTP connection (1): target-app:3001
2026-07-29 00:55:35,086  DEBUG  Starting new HTTP connection (1): target-app:3001
2026-07-29 00:55:35,489  DEBUG  Starting new HTTP connection (1): target-app:3001
2026-07-29 00:55:35,594  DEBUG  http://target-app:3001 "POST /api/v1/workspace/5c70ceeb-2453-430d-9785-a0e66157fa94/chat HTTP/1.1" 500 172
2026-07-29 00:55:35,595  INFO  Backing off _call_model(...) for 0.2s (garak.exception.GeneratorBackoffTrigger: REST URI server error: 500 - Internal Server Error, uri: http://target-app:3001/api/v1/workspace/5c70ceeb-2453-430d-9785-a0e66157fa94/chat)
2026-07-29 00:55:35,605  DEBUG  Starting new HTTP connection (1): target-app:3001
2026-07-29 00:55:35,675  DEBUG  http://target-app:3001 "POST /api/v1/workspace/5c70ceeb-2453-430d-9785-a0e66157fa94/chat HTTP/1.1" 500 172
2026-07-29 00:55:35,675  INFO  Backing off _call_model(...) for 0.9s (garak.exception.GeneratorBackoffTrigger: REST URI server error: 500 - Internal Server Error, uri: http://target-app:3001/api/v1/workspace/5c70ceeb-2453-430d-9785-a0e66157fa94/chat)
2026-07-29 00:55:35,699  DEBUG  http://target-app:3001 "POST /api/v1/workspace/5c70ceeb-2453-430d-9785-a0e66157fa94/chat HTTP/1.1" 500 172
2026-07-29 00:55:35,700  INFO  Backing off _call_model(...) for 0.8s (garak.exception.GeneratorBackoffTrigger: REST URI server error: 500 - Internal Server Error, uri: http://target-app:3001/api/v1/workspace/5c70ceeb-2453-430d-9785-a0e66157fa94/chat)
2026-07-29 00:55:35,717  DEBUG  http://target-app:3001 "POST /api/v1/workspace/5c70ceeb-2453-430d-9785-a0e66157fa94/chat HTTP/1.1" 500 172
2026-07-29 00:55:35,717  INFO  Backing off _call_model(...) for 0.0s (garak.exception.GeneratorBackoffTrigger: REST URI server error: 500 - Internal Server Error, uri: http://target-app:3001/api/v1/workspace/5c70ceeb-2453-430d-9785-a0e66157fa94/chat)
2026-07-29 00:55:35,759  DEBUG  Starting new HTTP connection (1): target-app:3001
2026-07-29 00:55:35,788  DEBUG  http://target-app:3001 "POST /api/v1/workspace/5c70ceeb-2453-430d-9785-a0e66157fa94/chat HTTP/1.1" 500 172
2026-07-29 00:55:35,788  INFO  Backing off _call_model(...) for 0.5s (garak.exception.GeneratorBackoffTrigger: REST URI server error: 500 - Internal Server Error, uri: http://target-app:3001/api/v1/workspace/5c70ceeb-2453-430d-9785-a0e66157fa94/chat)
2026-07-29 00:55:35,799  DEBUG  Starting new HTTP connection (1): target-app:3001
2026-07-29 00:55:35,831  DEBUG  http://target-app:3001 "POST /api/v1/workspace/5c70ceeb-2453-430d-9785-a0e66157fa94/chat HTTP/1.1" 500 172
2026-07-29 00:55:35,831  INFO  Backing off _call_model(...) for 0.0s (garak.exception.GeneratorBackoffTrigger: REST URI server error: 500 - Internal Server Error, uri: http://target-app:3001/api/v1/workspace/5c70ceeb-2453-430d-9785-a0e66157fa94/chat)
2026-07-29 00:55:35,864  DEBUG  Starting new HTTP connection (1): target-app:3001
2026-07-29 00:55:35,888  DEBUG  http://target-app:3001 "POST /api/v1/workspace/5c70ceeb-2453-430d-9785-a0e66157fa94/chat HTTP/1.1" 500 172
2026-07-29 00:55:35,888  INFO  Backing off _call_model(...) for 1.5s (garak.exception.GeneratorBackoffTrigger: REST URI server error: 500 - Internal Server Error, uri: http://target-app:3001/api/v1/workspace/5c70ceeb-2453-430d-9785-a0e66157fa94/chat)
2026-07-29 00:55:36,274  DEBUG  Starting new HTTP connection (1): target-app:3001
2026-07-29 00:55:36,349  DEBUG  http://target-app:3001 "POST /api/v1/workspace/5c70ceeb-2453-430d-9785-a0e66157fa94/chat HTTP/1.1" 500 172
2026-07-29 00:55:36,349  INFO  Backing off _call_model(...) for 2.3s (garak.exception.GeneratorBackoffTrigger: REST URI server error: 500 - Internal Server Error, uri: http://target-app:3001/api/v1/workspace/5c70ceeb-2453-430d-9785-a0e66157fa94/chat)
2026-07-29 00:55:36,451  DEBUG  Starting new HTTP connection (1): target-app:3001
2026-07-29 00:55:36,505  DEBUG  http://target-app:3001 "POST /api/v1/workspace/5c70ceeb-2453-430d-9785-a0e66157fa94/chat HTTP/1.1" 500 172
2026-07-29 00:55:36,506  INFO  Backing off _call_model(...) for 1.4s (garak.exception.GeneratorBackoffTrigger: REST URI server error: 500 - Internal Server Error, uri: http://target-app:3001/api/v1/workspace/5c70ceeb-2453-430d-9785-a0e66157fa94/chat)
2026-07-29 00:55:36,606  DEBUG  Starting new HTTP connection (1): target-app:3001
2026-07-29 00:55:36,620  DEBUG  http://target-app:3001 "POST /api/v1/workspace/5c70ceeb-2453-430d-9785-a0e66157fa94/chat HTTP/1.1" 500 172
2026-07-29 00:55:36,620  INFO  Backing off _call_model(...) for 1.4s (garak.exception.GeneratorBackoffTrigger: REST URI server error: 500 - Internal Server Error, uri: http://target-app:3001/api/v1/workspace/5c70ceeb-2453-430d-9785-a0e66157fa94/chat)
2026-07-29 00:55:37,387  DEBUG  Starting new HTTP connection (1): target-app:3001
2026-07-29 00:55:37,399  DEBUG  http://target-app:3001 "POST /api/v1/workspace/5c70ceeb-2453-430d-9785-a0e66157fa94/chat HTTP/1.1" 500 172
2026-07-29 00:55:37,400  INFO  Backing off _call_model(...) for 1.8s (garak.exception.GeneratorBackoffTrigger: REST URI server error: 500 - Internal Server Error, uri: http://target-app:3001/api/v1/workspace/5c70ceeb-2453-430d-9785-a0e66157fa94/chat)
2026-07-29 00:55:37,888  DEBUG  Starting new HTTP connection (1): target-app:3001
2026-07-29 00:55:37,902  DEBUG  http://target-app:3001 "POST /api/v1/workspace/5c70ceeb-2453-430d-9785-a0e66157fa94/chat HTTP/1.1" 500 172
2026-07-29 00:55:37,902  INFO  Backing off _call_model(...) for 1.2s (garak.exception.GeneratorBackoffTrigger: REST URI server error: 500 - Internal Server Error, uri: http://target-app:3001/api/v1/workspace/5c70ceeb-2453-430d-9785-a0e66157fa94/chat)
2026-07-29 00:55:38,047  DEBUG  Starting new HTTP connection (1): target-app:3001
2026-07-29 00:55:38,056  DEBUG  http://target-app:3001 "POST /api/v1/workspace/5c70ceeb-2453-430d-9785-a0e66157fa94/chat HTTP/1.1" 500 172
2026-07-29 00:55:38,057  INFO  Backing off _call_model(...) for 2.2s (garak.exception.GeneratorBackoffTrigger: REST URI server error: 500 - Internal Server Error, uri: http://target-app:3001/api/v1/workspace/5c70ceeb-2453-430d-9785-a0e66157fa94/chat)
2026-07-29 00:55:38,681  DEBUG  Starting new HTTP connection (1): target-app:3001
2026-07-29 00:55:39,091  DEBUG  Starting new HTTP connection (1): target-app:3001
2026-07-29 00:55:39,232  DEBUG  Starting new HTTP connection (1): target-app:3001
2026-07-29 00:55:40,246  DEBUG  Starting new HTTP connection (1): target-app:3001
2026-07-29 00:56:30,382  DEBUG  http://target-app:3001 "POST /api/v1/workspace/5c70ceeb-2453-430d-9785-a0e66157fa94/chat HTTP/1.1" 200 3827
2026-07-29 00:56:30,848  DEBUG  http://target-app:3001 "POST /api/v1/workspace/5c70ceeb-2453-430d-9785-a0e66157fa94/chat HTTP/1.1" 200 4065
2026-07-29 00:56:30,940  DEBUG  Starting new HTTP connection (1): target-app:3001
2026-07-29 00:56:31,394  DEBUG  Starting new HTTP connection (1): target-app:3001
2026-07-29 00:56:31,467  DEBUG  http://target-app:3001 "POST /api/v1/workspace/5c70ceeb-2453-430d-9785-a0e66157fa94/chat HTTP/1.1" 200 4005
2026-07-29 00:56:31,666  DEBUG  Starting new HTTP connection (1): target-app:3001
2026-07-29 00:56:31,889  DEBUG  http://target-app:3001 "POST /api/v1/workspace/5c70ceeb-2453-430d-9785-a0e66157fa94/chat HTTP/1.1" 200 4894
2026-07-29 00:56:32,280  DEBUG  Starting new HTTP connection (1): target-app:3001
2026-07-29 00:57:20,249  DEBUG  http://target-app:3001 "POST /api/v1/workspace/5c70ceeb-2453-430d-9785-a0e66157fa94/chat HTTP/1.1" 200 3937
2026-07-29 00:57:20,304  DEBUG  http://target-app:3001 "POST /api/v1/workspace/5c70ceeb-2453-430d-9785-a0e66157fa94/chat HTTP/1.1" 200 3894
2026-07-29 00:57:20,536  DEBUG  http://target-app:3001 "POST /api/v1/workspace/5c70ceeb-2453-430d-9785-a0e66157fa94/chat HTTP/1.1" 200 3976
2026-07-29 00:57:20,575  DEBUG  http://target-app:3001 "POST /api/v1/workspace/5c70ceeb-2453-430d-9785-a0e66157fa94/chat HTTP/1.1" 200 3951
2026-07-29 01:03:07,662  INFO  invoked
2026-07-29 01:03:07,662  DEBUG  Loading configs from: /usr/local/lib/python3.12/site-packages/garak/resources/garak.core.yaml
2026-07-29 01:03:07,676  DEBUG  args - raw argument string received: ['--target_type', 'rest', '-G', '/work/anythingllm_rest.json', '--probes', 'dan.Dan_11_0', '--generations', '20', '--parallel_requests', '2']
2026-07-29 01:03:07,676  DEBUG  args - full argparse: Namespace(verbose=0, report_prefix=None, narrow_output=False, parallel_requests=2, parallel_attempts=False, skip_unknown=False, seed=None, deprefix=True, eval_threshold=0.5, generations=20, config=None, target_type='rest', target_name=None, probes='dan.Dan_11_0', probe_tags=None, detectors='auto', extended_detectors=False, buffs=None, buff_option_file=None, buff_options=None, detector_option_file=None, detector_options=None, generator_option_file='/work/anythingllm_rest.json', generator_options=None, harness_option_file=None, harness_options=None, probe_option_file=None, probe_options=None, taxonomy=None, confidence_interval_method=None, bootstrap_num_iterations=None, bootstrap_confidence_level=None, bootstrap_min_sample_size=None, plugin_info=None, list_probes=False, list_detectors=False, list_generators=False, list_buffs=False, list_config=False, version=False, report=None, interactive=False, fix=False)
2026-07-29 01:03:08,823  DEBUG  no site config found at: /root/.config/garak/garak.site.json, /root/.config/garak/garak.site.yaml, or /root/.config/garak/garak.site.yml
2026-07-29 01:03:08,823  DEBUG  Loading configs from: /usr/local/lib/python3.12/site-packages/garak/resources/garak.core.yaml
2026-07-29 01:03:08,823  DEBUG  Skipping already-loaded config: /usr/local/lib/python3.12/site-packages/garak/resources/garak.core.yaml
2026-07-29 01:03:08,824  DEBUG  args - cli_args&commands stored: Namespace(target_type='rest', generator_option_file='/work/anythingllm_rest.json', probes='dan.Dan_11_0', generations=20, parallel_requests=2, verbose=0, list_detectors=False, list_probes=False, list_generators=False, list_buffs=False, list_config=False, plugin_info=None, interactive=False, report=None, version=False, fix=False)
2026-07-29 01:03:08,824  DEBUG  non-config params: [('generator_option_file', '/work/anythingllm_rest.json'), ('probes', 'dan.Dan_11_0'), ('list_detectors', False), ('list_probes', False), ('list_generators', False), ('list_buffs', False), ('list_config', False), ('plugin_info', None), ('report', None), ('version', False), ('fix', False)]
2026-07-29 01:03:09,414  DEBUG  Detector metrics file not found at /root/.local/share/garak/data/detectors_eval/detector_metrics_summary.json. Using default metrics (Se=1.0, Sp=1.0).
2026-07-29 01:03:09,465  INFO  generator init: <garak.generators.rest.RestGenerator object at 0x75af79b2fa40>
2026-07-29 01:03:09,465  INFO  ⚠️  This run can be sped up 🥳 Generator 'REST target-anythingllm' supports parallelism! Consider using `--parallel_attempts 16` (or more) to greatly accelerate your run. 🐌
2026-07-29 01:03:09,465  INFO  run started at 2026-07-29T01:03:07.631168
2026-07-29 01:03:09,465  DEBUG  relative report dir provided
2026-07-29 01:03:09,465  INFO  reporting to /root/.local/share/garak/garak_runs/garak.d27a4238-97ea-46ae-aeb7-170185731aed.report.jsonl
2026-07-29 01:03:09,470  INFO  service import: garak.langservice
2026-07-29 01:03:09,830  DEBUG  nltk_data location not found using project cache location
2026-07-29 01:03:09,848  INFO  harness init: <garak.harnesses.probewise.ProbewiseHarness object at 0x75af79b2f170>
2026-07-29 01:03:09,848  INFO  probe queue: probes.dan.Dan_11_0
2026-07-29 01:03:09,852  INFO  probe init: <garak.probes.dan.Dan_11_0 object at 0x75af792d8620>
2026-07-29 01:03:09,852  DEBUG  langauge provision service: en,en
2026-07-29 01:03:09,854  INFO  detector init: <garak.detectors.dan.DAN object at 0x75af7966df70>
2026-07-29 01:03:09,854  INFO  detector init: <garak.detectors.mitigation.MitigationBypass object at 0x75af790eb560>
2026-07-29 01:03:09,854  DEBUG  harness: probe start for garak.probes.dan.Dan_11_0
2026-07-29 01:03:09,854  DEBUG  probe execute: <garak.probes.dan.Dan_11_0 object at 0x75af792d8620>
2026-07-29 01:03:09,912  DEBUG  Starting new HTTP connection (1): target-app:3001
2026-07-29 01:03:09,913  DEBUG  Starting new HTTP connection (1): target-app:3001
2026-07-29 01:03:23,037  DEBUG  http://target-app:3001 "POST /api/v1/workspace/5c70ceeb-2453-430d-9785-a0e66157fa94/chat HTTP/1.1" 200 3924
2026-07-29 01:03:23,045  DEBUG  Starting new HTTP connection (1): target-app:3001
2026-07-29 01:03:23,188  DEBUG  http://target-app:3001 "POST /api/v1/workspace/5c70ceeb-2453-430d-9785-a0e66157fa94/chat HTTP/1.1" 200 3979
2026-07-29 01:03:23,194  DEBUG  Starting new HTTP connection (1): target-app:3001
2026-07-29 01:03:29,724  DEBUG  http://target-app:3001 "POST /api/v1/workspace/5c70ceeb-2453-430d-9785-a0e66157fa94/chat HTTP/1.1" 200 3748
2026-07-29 01:03:29,728  DEBUG  Starting new HTTP connection (1): target-app:3001
2026-07-29 01:03:30,192  DEBUG  http://target-app:3001 "POST /api/v1/workspace/5c70ceeb-2453-430d-9785-a0e66157fa94/chat HTTP/1.1" 200 3994
2026-07-29 01:03:30,196  DEBUG  Starting new HTTP connection (1): target-app:3001
2026-07-29 01:03:34,298  DEBUG  http://target-app:3001 "POST /api/v1/workspace/5c70ceeb-2453-430d-9785-a0e66157fa94/chat HTTP/1.1" 200 3740
2026-07-29 01:03:34,302  DEBUG  Starting new HTTP connection (1): target-app:3001
2026-07-29 01:03:34,445  DEBUG  http://target-app:3001 "POST /api/v1/workspace/5c70ceeb-2453-430d-9785-a0e66157fa94/chat HTTP/1.1" 200 3839
2026-07-29 01:03:34,450  DEBUG  Starting new HTTP connection (1): target-app:3001
2026-07-29 01:03:39,859  DEBUG  http://target-app:3001 "POST /api/v1/workspace/5c70ceeb-2453-430d-9785-a0e66157fa94/chat HTTP/1.1" 200 3949
2026-07-29 01:03:39,864  DEBUG  Starting new HTTP connection (1): target-app:3001
2026-07-29 01:03:43,147  DEBUG  http://target-app:3001 "POST /api/v1/workspace/5c70ceeb-2453-430d-9785-a0e66157fa94/chat HTTP/1.1" 200 4555
2026-07-29 01:03:43,152  DEBUG  Starting new HTTP connection (1): target-app:3001
2026-07-29 01:03:46,204  DEBUG  http://target-app:3001 "POST /api/v1/workspace/5c70ceeb-2453-430d-9785-a0e66157fa94/chat HTTP/1.1" 200 3963
2026-07-29 01:03:46,209  DEBUG  Starting new HTTP connection (1): target-app:3001
2026-07-29 01:03:49,010  DEBUG  http://target-app:3001 "POST /api/v1/workspace/5c70ceeb-2453-430d-9785-a0e66157fa94/chat HTTP/1.1" 200 4096
2026-07-29 01:03:49,015  DEBUG  Starting new HTTP connection (1): target-app:3001
2026-07-29 01:03:51,489  DEBUG  http://target-app:3001 "POST /api/v1/workspace/5c70ceeb-2453-430d-9785-a0e66157fa94/chat HTTP/1.1" 200 4086
2026-07-29 01:03:51,494  DEBUG  Starting new HTTP connection (1): target-app:3001
2026-07-29 01:03:54,493  DEBUG  http://target-app:3001 "POST /api/v1/workspace/5c70ceeb-2453-430d-9785-a0e66157fa94/chat HTTP/1.1" 200 4229
2026-07-29 01:03:54,498  DEBUG  Starting new HTTP connection (1): target-app:3001
2026-07-29 01:03:56,633  DEBUG  http://target-app:3001 "POST /api/v1/workspace/5c70ceeb-2453-430d-9785-a0e66157fa94/chat HTTP/1.1" 200 4033
2026-07-29 01:03:56,647  DEBUG  Starting new HTTP connection (1): target-app:3001
2026-07-29 01:03:59,238  DEBUG  http://target-app:3001 "POST /api/v1/workspace/5c70ceeb-2453-430d-9785-a0e66157fa94/chat HTTP/1.1" 200 3893
2026-07-29 01:03:59,243  DEBUG  Starting new HTTP connection (1): target-app:3001
2026-07-29 01:04:01,923  DEBUG  http://target-app:3001 "POST /api/v1/workspace/5c70ceeb-2453-430d-9785-a0e66157fa94/chat HTTP/1.1" 200 4064
2026-07-29 01:04:01,928  DEBUG  Starting new HTTP connection (1): target-app:3001
2026-07-29 01:04:04,216  DEBUG  http://target-app:3001 "POST /api/v1/workspace/5c70ceeb-2453-430d-9785-a0e66157fa94/chat HTTP/1.1" 200 3877
2026-07-29 01:04:04,220  DEBUG  Starting new HTTP connection (1): target-app:3001
2026-07-29 01:04:06,229  DEBUG  http://target-app:3001 "POST /api/v1/workspace/5c70ceeb-2453-430d-9785-a0e66157fa94/chat HTTP/1.1" 200 3795
2026-07-29 01:04:06,233  DEBUG  Starting new HTTP connection (1): target-app:3001
2026-07-29 01:04:09,975  DEBUG  http://target-app:3001 "POST /api/v1/workspace/5c70ceeb-2453-430d-9785-a0e66157fa94/chat HTTP/1.1" 200 3903
2026-07-29 01:04:09,979  DEBUG  Starting new HTTP connection (1): target-app:3001
2026-07-29 01:04:12,552  DEBUG  http://target-app:3001 "POST /api/v1/workspace/5c70ceeb-2453-430d-9785-a0e66157fa94/chat HTTP/1.1" 200 4070
2026-07-29 01:04:13,736  DEBUG  http://target-app:3001 "POST /api/v1/workspace/5c70ceeb-2453-430d-9785-a0e66157fa94/chat HTTP/1.1" 200 3899
2026-07-29 01:04:13,778  DEBUG  probe return: <garak.probes.dan.Dan_11_0 object at 0x75af792d8620> with 1 attempts
2026-07-29 01:04:13,781  DEBUG  harness: run detector garak.detectors.dan.DAN
2026-07-29 01:04:13,784  DEBUG  harness: run detector garak.detectors.mitigation.MitigationBypass
2026-07-29 01:04:13,798  INFO  hit log in /root/.local/share/garak/garak_runs/garak.d27a4238-97ea-46ae-aeb7-170185731aed.hitlog.jsonl
2026-07-29 01:04:13,808  DEBUG  harness: probe list iteration completed
2026-07-29 01:04:13,808  INFO  run complete, ending
2026-07-29 01:04:14,035  INFO  garak run complete in 66.18s
